time,ax (m/s^2),ay (m/s^2),az (m/s^2),aT (m/s^2)
0.006000,0.0172,-0.2177,-0.2330,0.319
0.007000,-0.0327,-0.2050,-0.2714,0.342
0.007000,-0.0751,-0.2031,-0.2952,0.366
0.012000,-0.1054,-0.1905,-0.2809,0.355
0.017000,-0.1096,-0.1652,-0.2453,0.315
0.021000,-0.0976,-0.1016,-0.1934,0.239
0.027000,-0.0619,-0.0356,-0.1419,0.159
0.032000,0.0140,0.0701,-0.0766,0.105
0.036000,0.0493,0.0964,-0.0071,0.109
0.043000,0.0660,0.1148,0.0785,0.154
0.047000,0.1043,0.1203,0.1538,0.221
0.053000,0.1019,0.1176,0.1597,0.223
0.058000,0.1112,0.0998,0.1726,0.228
0.062000,0.1060,0.0954,0.1712,0.223
0.067000,0.1106,0.0874,0.1650,0.217
0.073000,0.1701,0.0311,0.1542,0.232
0.079000,0.1935,-0.0064,0.1458,0.242
0.083000,0.2194,-0.0561,0.0924,0.245
0.087000,0.1719,-0.1196,0.0370,0.213
0.093000,0.1226,-0.1683,-0.0345,0.211
0.097000,0.0764,-0.1616,-0.0888,0.200
0.103000,0.0570,-0.1449,-0.1473,0.214
0.110000,0.0430,-0.1226,-0.1817,0.223
0.113000,0.0364,-0.1114,-0.2205,0.250
0.117000,0.0562,-0.1062,-0.2709,0.296
0.122000,0.0780,-0.0620,-0.2900,0.307
0.129000,0.0878,-0.0219,-0.2829,0.297
0.133000,0.1234,0.0210,-0.2686,0.296
0.138000,0.1154,0.0663,-0.2308,0.266
0.144000,0.1477,0.1139,-0.1790,0.259
0.149000,0.1913,0.1134,-0.1182,0.252
0.153000,0.1913,0.0819,-0.0531,0.215
0.159000,0.1786,0.0596,-0.0123,0.189
0.164000,0.1514,0.0204,0.0116,0.153
0.170000,0.1549,-0.0091,0.0092,0.155
0.174000,0.1794,-0.0052,-0.0170,0.180
0.184000,0.1799,-0.0179,-0.0358,0.184
0.185000,0.1453,-0.0444,-0.0070,0.152
0.189000,0.0711,-0.0395,-0.0093,0.082
0.194000,0.0289,-0.0222,-0.0305,0.048
0.198000,0.0114,0.0335,-0.0445,0.057
0.204000,0.0064,0.0823,-0.0560,0.100
0.210000,0.0067,0.1125,-0.0532,0.125
0.214000,-0.0217,0.1385,-0.0575,0.152
0.218000,-0.0289,0.1528,-0.0476,0.163
0.223000,-0.0295,0.1649,-0.0211,0.169
0.229000,-0.0326,0.1841,0.0479,0.193
0.234000,-0.0237,0.2201,0.1045,0.245
0.240000,0.0343,0.2394,0.0229,0.243
0.244000,0.0181,0.2038,0.0820,0.220
0.249000,-0.0337,0.1633,0.1716,0.239
0.255000,-0.0165,0.1159,0.1797,0.214
0.259000,-0.0640,0.1276,0.1829,0.232
0.264000,-0.0755,0.1481,0.2123,0.270
0.269000,-0.1101,0.1394,0.2509,0.307
0.273000,-0.1058,0.1325,0.2655,0.315
0.284000,-0.0875,0.1206,0.2965,0.332
0.292000,-0.0445,0.1611,0.2512,0.302
0.292000,0.0301,0.1609,0.2087,0.265
0.294000,0.0191,0.1608,0.2188,0.272
0.300000,0.0058,0.1702,0.1576,0.232
0.304000,-0.0123,0.1771,0.0874,0.198
0.310000,-0.0718,0.1603,0.0676,0.188
0.315000,-0.1053,0.1726,-0.0066,0.202
0.319000,-0.1227,0.0831,-0.0921,0.174
0.324000,-0.2095,-0.0389,-0.0273,0.215
0.330000,-0.2536,-0.0887,-0.0057,0.269
0.335000,-0.2338,-0.0981,-0.0199,0.254
0.340000,-0.1832,-0.0532,-0.0388,0.195
0.345000,-0.1025,-0.0207,-0.0788,0.131
0.350000,-0.0784,-0.0215,-0.0877,0.120
0.354000,-0.0170,-0.0462,-0.1368,0.145
0.362000,0.0515,-0.0303,-0.1523,0.164
0.366000,0.0326,-0.0458,-0.0205,0.060
0.370000,0.0172,-0.0091,-0.0726,0.075
0.375000,0.0075,0.0341,-0.1432,0.147
0.380000,-0.0255,0.0623,-0.2086,0.219
0.386000,-0.0485,0.0519,-0.2591,0.269
0.392000,-0.0883,-0.0132,-0.3116,0.324
0.395000,-0.1053,-0.0971,-0.3684,0.395
0.400000,-0.1404,-0.1473,-0.4057,0.454
0.405000,-0.2424,-0.2061,-0.3667,0.485
0.411000,-0.2722,-0.2309,-0.4277,0.557
0.417000,-0.2005,-0.2742,-0.3529,0.490
0.421000,-0.1534,-0.2860,-0.2170,0.390
0.426000,-0.0478,-0.2925,-0.1796,0.347
0.431000,0.0631,-0.2534,-0.1733,0.313
0.436000,0.1055,-0.2426,-0.1885,0.325
0.441000,0.1421,-0.2220,-0.1726,0.315
0.446000,0.2022,-0.2368,-0.0809,0.322
0.451000,0.2505,-0.2298,-0.0090,0.340
0.455000,0.2538,-0.1944,0.0481,0.323
0.463000,0.2267,-0.1614,0.0881,0.292
0.467000,0.1933,-0.1409,0.1325,0.273
0.472000,0.1367,-0.1090,0.1481,0.229
0.476000,0.0878,-0.0778,0.1825,0.217
0.482000,0.0391,-0.0784,0.2166,0.234
0.487000,0.0212,-0.0844,0.2053,0.223
0.492000,0.0221,-0.1124,0.2464,0.272
0.497000,0.0253,-0.1358,0.2966,0.327
0.501000,0.0238,-0.1619,0.2135,0.269
0.506000,0.1585,-0.1905,0.1833,0.308
0.512000,0.1417,-0.2077,0.3315,0.416
0.516000,0.1502,-0.1778,0.3455,0.417
0.521000,0.1618,-0.1535,0.3214,0.391
0.529000,0.1763,-0.1204,0.3190,0.384
0.532000,0.1637,-0.1618,0.2857,0.367
0.537000,0.1399,-0.2462,0.4331,0.517
0.542000,0.1100,-0.2710,0.5509,0.624
0.546000,0.1220,-0.2056,0.5062,0.560
0.552000,0.1422,-0.1194,0.3882,0.430
0.557000,0.1225,-0.0388,0.2950,0.322
0.565000,0.0939,-0.0018,0.2192,0.238
0.568000,0.0355,-0.0078,0.1749,0.179
0.572000,0.0304,-0.0043,0.0834,0.089
0.578000,-0.0328,-0.0365,0.1114,0.122
0.582000,-0.0900,-0.0427,0.1463,0.177
0.587000,-0.1251,-0.0419,0.0526,0.142
0.594000,-0.1007,-0.0342,-0.0117,0.107
0.597000,-0.0363,-0.0295,-0.0565,0.073
0.602000,0.0369,-0.0323,-0.0891,0.102
0.607000,0.0595,-0.0685,-0.1213,0.152
0.613000,0.0964,-0.0760,-0.1557,0.198
0.618000,0.0575,-0.0646,-0.1732,0.194
0.622000,0.0765,-0.0130,-0.1644,0.182
0.631000,0.0985,0.0194,-0.2008,0.225
0.633000,0.1046,0.0399,-0.2346,0.260
0.638000,0.0993,0.0557,-0.2657,0.289
0.645000,0.1016,0.0481,-0.3179,0.337
0.649000,0.1517,0.0648,-0.3389,0.377
0.653000,0.1535,0.0581,-0.3787,0.413
0.658000,0.1617,0.0639,-0.4157,0.451
0.663000,0.1354,0.0488,-0.4215,0.445
0.670000,0.1203,0.0130,-0.3893,0.408
0.673000,0.0526,-0.0480,-0.3217,0.329
0.688000,-0.0080,-0.0581,-0.2974,0.303
0.691000,-0.0986,-0.0176,-0.2780,0.296
0.694000,-0.0896,-0.0430,-0.3134,0.329
0.696000,0.0102,-0.0866,-0.2892,0.302
0.705000,-0.0580,-0.1294,-0.0967,0.172
0.706000,-0.1127,-0.0957,-0.0364,0.152
0.711000,-0.1024,-0.0241,-0.0431,0.114
0.714000,-0.0869,0.0610,0.0025,0.106
0.718000,-0.0736,0.1001,0.0477,0.133
0.723000,-0.0337,0.1338,0.0592,0.150
0.729000,0.0038,0.1574,0.0706,0.173
0.733000,0.0336,0.2042,0.0772,0.221
0.738000,0.0415,0.2502,-0.0207,0.254
0.745000,0.0334,0.2501,0.0271,0.254
0.749000,-0.0001,0.2066,0.1100,0.234
0.754000,-0.0323,0.1916,0.1162,0.226
0.759000,-0.0606,0.2025,0.1010,0.234
0.764000,-0.0756,0.1915,0.1025,0.230
0.770000,-0.0990,0.1733,0.0588,0.208
0.774000,-0.1050,0.1433,0.0013,0.178
0.789000,-0.0965,0.1088,-0.0558,0.156
0.790000,-0.0813,0.0915,-0.0982,0.157
0.791000,-0.0404,0.0983,-0.0998,0.146
0.811000,0.0213,0.1291,-0.0800,0.153
0.812000,0.1125,0.1837,-0.0652,0.225
0.813000,0.1573,0.2289,-0.0481,0.282
0.813000,0.2062,0.2980,-0.0501,0.366
0.816000,0.2560,0.3908,-0.0995,0.478
0.819000,0.2484,0.3572,-0.0393,0.437
0.824000,0.1775,0.3101,0.0298,0.358
0.831000,0.1999,0.2614,-0.0370,0.331
0.835000,0.1777,0.2323,-0.0297,0.294
0.840000,0.1254,0.2604,-0.0699,0.297
0.846000,0.0757,0.2645,-0.1739,0.325
0.850000,0.0663,0.2259,-0.2295,0.329
0.854000,-0.0174,0.1591,-0.2728,0.316
0.864000,-0.0465,0.0690,-0.2966,0.308
0.866000,-0.0570,0.0105,-0.2965,0.302
0.870000,-0.0781,-0.0211,-0.2988,0.310
0.875000,-0.1620,-0.0046,-0.2891,0.331
0.891000,-0.2320,0.0503,-0.2629,0.354
0.893000,-0.2712,0.1313,-0.1609,0.342
0.894000,-0.3074,0.2264,-0.0550,0.386
0.908000,-0.2619,0.2832,0.0594,0.390
0.909000,-0.2513,0.3588,0.1301,0.457
0.909000,-0.2100,0.4176,0.1859,0.503
0.915000,-0.0350,0.4835,0.1747,0.515
0.917000,0.0798,0.4895,0.1636,0.522
0.920000,0.0521,0.4431,0.2332,0.503
0.925000,0.0461,0.3848,0.1883,0.431
0.930000,0.0493,0.3124,0.1486,0.349
0.935000,0.0087,0.2303,0.0973,0.250
0.940000,-0.0587,0.1411,0.0514,0.161
0.947000,-0.1456,0.0545,0.0295,0.158
0.952000,-0.2808,0.0083,0.0056,0.281
0.956000,-0.3782,-0.0308,-0.0181,0.380
0.970000,-0.4829,-0.0437,0.0155,0.485
0.971000,-0.5636,-0.0807,0.0773,0.575
0.972000,-0.6363,-0.1077,0.1362,0.660
0.977000,-0.6701,-0.0892,0.1565,0.694
0.988000,-0.6437,-0.0301,0.1625,0.665
0.989000,-0.5879,0.0454,0.1683,0.613
0.991000,-0.4956,0.1374,0.1883,0.548
0.996000,-0.3622,0.2002,0.2081,0.463
1.001000,-0.2569,0.2010,0.2276,0.398
1.006000,-0.1511,0.2115,0.2327,0.349
1.011000,-0.0499,0.1862,0.1832,0.266
1.016000,-0.0060,0.1659,0.1554,0.227
1.021000,-0.0049,0.0980,0.1017,0.141
1.027000,-0.0471,0.0398,0.0674,0.091
1.032000,-0.0968,-0.0062,0.0264,0.101
1.037000,-0.1759,-0.0404,0.0071,0.181
1.041000,-0.2299,-0.0629,0.0047,0.238
1.047000,-0.2416,-0.0998,0.0071,0.261
1.053000,-0.2324,-0.1153,0.0308,0.261
1.057000,-0.1996,-0.1520,0.0354,0.253
1.072000,-0.1717,-0.1813,0.0470,0.254
1.075000,-0.1056,-0.1888,0.0230,0.218
1.076000,-0.0491,-0.1626,-0.0104,0.170
1.079000,0.0480,-0.1289,-0.0199,0.139
1.091000,0.1215,-0.1021,-0.0269,0.161
1.092000,0.1592,-0.0986,-0.0172,0.188
1.094000,0.1845,-0.0995,0.0042,0.210
1.099000,0.2071,-0.1117,0.0112,0.236
1.103000,0.2101,-0.0947,0.0228,0.232
1.107000,0.2341,-0.0775,0.0320,0.249
1.114000,0.2265,-0.0696,0.0791,0.250
1.118000,0.2087,-0.0618,0.1116,0.245
1.123000,0.1543,-0.0588,0.1486,0.222
1.129000,0.1187,-0.0205,0.1877,0.223
1.133000,0.1118,0.0076,0.2454,0.270
1.140000,0.1599,-0.0006,0.3027,0.342
1.143000,0.1868,0.0167,0.3975,0.440
1.150000,0.1880,-0.0025,0.4227,0.463
1.153000,0.2279,0.0014,0.3740,0.438
1.157000,0.3224,0.0117,0.3353,0.465
1.166000,0.3926,-0.0000,0.2946,0.491
1.170000,0.4026,-0.0099,0.2233,0.461
1.173000,0.3719,-0.0271,0.1740,0.411
1.181000,0.3340,-0.0444,0.1204,0.358
1.183000,0.2889,-0.0498,0.0982,0.309
1.190000,0.2935,-0.0884,0.0500,0.311
1.193000,0.2717,-0.1076,0.0046,0.292
1.199000,0.2380,-0.1501,-0.0262,0.283
1.204000,0.1637,-0.2063,-0.0686,0.272
1.209000,0.1302,-0.2522,-0.1035,0.302
1.213000,0.1186,-0.2710,-0.1287,0.323
1.219000,0.1315,-0.3297,-0.1014,0.369
1.223000,0.0950,-0.3754,-0.1124,0.403
1.231000,0.0663,-0.3848,-0.1044,0.404
1.233000,0.0358,-0.3321,-0.1059,0.350
1.239000,0.0296,-0.2961,-0.1074,0.316
1.243000,0.0641,-0.2319,-0.0804,0.254
1.249000,0.1079,-0.1826,-0.0632,0.221
1.254000,0.0703,-0.1435,-0.0366,0.164
1.259000,0.0685,-0.0766,-0.0102,0.103
1.273000,0.0857,-0.0300,0.0137,0.092
1.275000,0.0952,-0.0132,0.0302,0.101
1.276000,0.1165,0.0194,0.0467,0.127
1.295000,0.1229,0.0174,0.0939,0.156
1.298000,0.1365,0.0146,0.1028,0.171
1.300000,0.1359,0.0132,0.1045,0.172
1.301000,0.1432,0.0323,0.0872,0.171
1.301000,0.1393,0.0624,0.0345,0.156
1.304000,0.1555,0.0515,-0.0274,0.166
1.310000,0.1347,0.0192,-0.1267,0.186
1.316000,0.0994,-0.0200,-0.1967,0.221
1.320000,0.0852,-0.0372,-0.2638,0.280
1.324000,0.0294,-0.0943,-0.2948,0.311
1.331000,0.0331,-0.0741,-0.5060,0.512
1.334000,0.0148,-0.0485,-0.7177,0.720
1.339000,-0.0304,-0.0789,-0.7355,0.740
1.347000,-0.0762,-0.1602,-0.7412,0.762
1.350000,-0.0941,-0.1946,-0.7635,0.794
1.354000,-0.0891,-0.2676,-0.6813,0.737
1.360000,0.0062,-0.1702,-0.7445,0.764
1.366000,0.0680,-0.0938,-0.8048,0.813
1.370000,0.0824,-0.0834,-0.7103,0.720
1.375000,0.0599,-0.0933,-0.6119,0.622
1.389000,0.0608,-0.0952,-0.4906,0.503
1.391000,0.0306,-0.0653,-0.3774,0.384
1.391000,0.0077,-0.0067,-0.2557,0.256
1.396000,-0.0162,0.0804,-0.1279,0.152
1.407000,-0.0887,0.1624,0.0130,0.185
1.408000,-0.0152,0.2060,0.0744,0.220
1.411000,-0.0399,0.2065,0.2729,0.345
1.417000,-0.0753,0.2498,0.3344,0.424
1.420000,-0.0407,0.2427,0.3361,0.417
1.426000,-0.0757,0.2214,0.3994,0.463
1.432000,-0.0394,0.2001,0.3601,0.414
1.436000,-0.0105,0.1788,0.3520,0.395
1.440000,-0.0984,0.1213,0.3939,0.424
1.447000,-0.1146,0.1041,0.3595,0.391
1.451000,-0.1123,0.0763,0.3444,0.370
1.456000,-0.1296,0.0929,0.3319,0.368
1.461000,-0.1070,0.0583,0.3172,0.340
1.467000,-0.1254,0.0232,0.2788,0.307
1.471000,-0.1112,-0.0030,0.2528,0.276
1.477000,-0.0764,-0.0270,0.2435,0.257
1.491000,-0.1206,-0.0298,0.2273,0.259
1.493000,-0.1363,-0.0112,0.2349,0.272
1.493000,-0.1352,0.0430,0.2187,0.261
1.507000,-0.1479,0.0568,0.2264,0.276
1.508000,-0.1579,0.0875,0.2197,0.284
1.509000,-0.1557,0.1280,0.2131,0.293
1.515000,-0.1607,0.1591,0.2065,0.306
1.518000,-0.1250,0.1808,0.2213,0.312
1.521000,-0.1109,0.1908,0.2455,0.330
1.526000,-0.0767,0.1914,0.2505,0.324
1.532000,-0.0763,0.1591,0.2317,0.291
1.537000,0.0376,0.1507,0.1798,0.238
1.541000,-0.0274,0.0783,0.2826,0.295
1.547000,-0.0446,0.0348,0.2826,0.288
1.552000,-0.0288,0.0244,0.2493,0.252
1.557000,-0.0350,-0.0033,0.2282,0.231
1.562000,-0.0722,-0.0388,0.2262,0.241
1.568000,-0.1186,-0.0369,0.2125,0.246
1.573000,-0.1478,-0.0597,0.1989,0.255
1.577000,-0.1862,-0.0640,0.1973,0.279
1.590000,-0.1884,-0.0594,0.1768,0.265
1.591000,-0.1933,-0.0697,0.1469,0.253
1.593000,-0.2055,-0.0588,0.0532,0.220
1.600000,-0.1728,-0.0526,-0.0065,0.181
1.609000,-0.0832,-0.0392,-0.0538,0.107
1.612000,0.0011,-0.0703,-0.0983,0.121
1.613000,0.0775,-0.0794,-0.1544,0.190
1.619000,0.1436,-0.0803,-0.2196,0.274
1.622000,0.1208,-0.1114,-0.2794,0.324
1.630000,0.1262,-0.1488,-0.2937,0.353
1.633000,0.1006,-0.1687,-0.2794,0.342
1.637000,0.0466,-0.1952,-0.2486,0.319
1.642000,-0.0029,-0.1927,-0.2323,0.302
1.649000,-0.0408,-0.1973,-0.2018,0.285
1.653000,-0.1003,-0.1807,-0.1550,0.258
1.657000,-0.1164,-0.1382,-0.1300,0.223
1.670000,-0.1015,-0.0987,-0.1027,0.175
1.671000,-0.0605,-0.0550,-0.1137,0.140
1.673000,0.0300,-0.0547,-0.0866,0.107
1.678000,0.0986,-0.0239,-0.0835,0.131
1.688000,0.1696,-0.0055,-0.0875,0.191
1.689000,0.2168,-0.0394,-0.0748,0.233
1.693000,0.2500,-0.0399,-0.1003,0.272
1.700000,0.2337,-0.0829,-0.1327,0.281
1.703000,0.1586,-0.1111,-0.1577,0.250
1.709000,0.1035,-0.1341,-0.1896,0.254
1.714000,0.0558,-0.1399,-0.2213,0.268
1.718000,0.0131,-0.1380,-0.2337,0.272
1.723000,-0.0153,-0.1404,-0.2270,0.267
1.731000,-0.0057,-0.1187,-0.1991,0.232
1.733000,0.0015,-0.1066,-0.1405,0.176
1.738000,0.0491,-0.0493,-0.1038,0.125
1.743000,0.1084,0.0241,-0.0840,0.139
1.750000,0.2079,0.0826,-0.0762,0.236
1.754000,0.2549,0.1238,-0.0923,0.298
1.758000,0.3045,0.1002,-0.0607,0.326
1.775000,0.3180,0.0934,-0.0460,0.335
1.777000,0.2981,0.0957,-0.1597,0.351
1.780000,0.2001,0.0572,-0.1655,0.266
1.780000,0.1046,-0.0191,-0.1784,0.208
1.795000,0.0090,-0.0404,-0.2267,0.230
1.796000,-0.0556,-0.0687,-0.2533,0.268
1.797000,-0.0589,-0.0586,-0.2512,0.265
1.800000,-0.0296,-0.0084,-0.3132,0.315
1.805000,-0.0365,-0.0273,-0.2179,0.223
1.810000,-0.0245,-0.0957,-0.1472,0.177
1.815000,0.0185,-0.1040,-0.1056,0.149
1.820000,0.0662,-0.1072,-0.0786,0.148
1.825000,0.1258,-0.0461,-0.0637,0.148
1.834000,0.1593,0.0148,-0.0489,0.167
1.835000,0.1571,0.0800,-0.0390,0.181
1.840000,0.1363,0.1115,-0.0198,0.177
1.844000,0.1089,0.1094,0.0041,0.154
1.850000,0.0468,0.0880,0.0302,0.104
1.854000,-0.0143,0.0882,0.0346,0.096
1.860000,-0.1052,0.0619,0.0675,0.140
1.870000,-0.1546,0.0524,0.0574,0.173
1.872000,-0.1870,0.0690,0.0545,0.207
1.875000,-0.1596,0.0521,0.0659,0.180
1.882000,-0.1182,0.0755,0.0961,0.170
1.885000,-0.0770,0.0964,0.0834,0.149
1.890000,-0.0220,0.1145,0.0874,0.146
1.895000,0.0279,0.1088,0.1080,0.156
1.901000,0.1153,0.0936,0.0834,0.170
1.906000,0.1740,0.0858,0.0897,0.214
1.910000,0.2331,0.1088,0.0889,0.272
1.916000,0.2694,0.1128,0.0834,0.304
1.921000,0.2656,0.1097,0.1419,0.321
1.926000,0.2358,0.1140,0.0314,0.264
1.932000,0.1755,0.1231,-0.0520,0.221
1.936000,0.1065,0.0703,-0.0375,0.133
1.940000,0.0357,-0.0104,-0.0562,0.067
1.945000,-0.0722,-0.0616,-0.1200,0.153
1.951000,-0.1129,-0.0456,-0.1856,0.222
1.956000,-0.1270,-0.0483,-0.2316,0.269
1.960000,-0.1285,-0.0934,-0.1444,0.215
1.973000,-0.0975,-0.0855,-0.1766,0.219
1.975000,-0.0461,-0.0323,-0.3533,0.358
1.976000,-0.0119,0.0182,-0.4241,0.425
1.990000,-0.0397,-0.0600,-0.2829,0.292
1.991000,-0.0627,-0.0950,-0.2451,0.270
1.992000,-0.0426,-0.0776,-0.3144,0.327
1.999000,0.0101,-0.0798,-0.3760,0.384
2.001000,0.0656,-0.1015,-0.3373,0.358
2.006000,0.1080,-0.1000,-0.2919,0.327
2.011000,0.1665,-0.1041,-0.3251,0.380
2.016000,0.1499,-0.1233,-0.4553,0.495
2.021000,0.1075,-0.1567,-0.6485,0.676
2.026000,0.0994,-0.1539,-0.9991,1.016
2.032000,0.0884,-0.1687,-1.3776,1.391
2.037000,0.1902,-0.1803,-1.8788,1.897
2.041000,0.5515,-0.0197,-3.4211,3.465
2.048000,1.1935,-0.2387,-10.6336,10.703
2.052000,0.7185,-0.2033,-10.2859,10.313
2.057000,0.2227,-0.1488,-9.8689,9.873
2.065000,0.0024,-0.1208,-9.5837,9.584
2.068000,-0.0474,-0.1096,-9.5712,9.572
2.073000,-0.0998,-0.0958,-9.5512,9.552
2.077000,-0.1758,-0.0942,-9.5310,9.533
2.091000,-0.2061,-0.0686,-9.5177,9.520
2.093000,-0.2506,-0.0479,-9.4993,9.503
2.094000,-0.2951,-0.0319,-9.4736,9.478
2.098000,-0.3513,-0.0496,-9.4595,9.466
2.107000,-0.4049,-0.0266,-9.4357,9.444
2.108000,-0.4392,-0.0276,-9.4236,9.434
2.116000,-0.5042,0.0096,-9.3897,9.403
2.118000,-0.5380,0.0060,-9.3699,9.385
2.122000,-0.5954,0.0169,-9.3595,9.378
2.129000,-0.6406,0.0110,-9.3369,9.359
2.134000,-0.6904,0.0359,-9.3092,9.335
2.138000,-0.7377,0.0463,-9.2742,9.304
2.143000,-0.7749,0.0664,-9.2462,9.279
2.149000,-0.8239,0.0744,-9.2347,9.272
2.153000,-0.8726,0.0825,-9.1991,9.241
2.158000,-0.9209,0.0927,-9.1704,9.217
2.168000,-0.9810,0.1004,-9.1416,9.195
2.169000,-1.0311,0.1080,-9.1245,9.183
2.173000,-1.0593,0.1203,-9.1001,9.162
2.178000,-1.1015,0.1207,-9.0755,9.143
2.183000,-1.1432,0.1376,-9.0746,9.147
2.189000,-1.1966,0.1591,-9.0258,9.106
2.193000,-1.2158,0.1758,-9.0079,9.091
2.199000,-1.2777,0.1852,-8.9636,9.056
2.203000,-1.3177,0.1849,-8.9454,9.044
2.209000,-1.3644,0.1916,-8.9199,9.026
2.216000,-1.4060,0.2124,-8.8847,8.998
2.220000,-1.4566,0.2259,-8.8399,8.962
2.225000,-1.4805,0.2178,-8.8165,8.943
2.229000,-1.5209,0.2191,-8.7858,8.919
2.234000,-1.5606,0.2272,-8.7406,8.882
2.241000,-1.6022,0.2402,-8.7050,8.854
2.245000,-1.6553,0.2576,-8.6453,8.806
2.251000,-1.6933,0.2558,-8.5929,8.762
2.255000,-1.7234,0.2610,-8.5381,8.714
2.260000,-1.7571,0.2709,-8.4332,8.619
2.267000,-1.7831,0.2865,-8.2094,8.406
2.270000,-1.8652,0.1639,-4.0186,4.433
2.274000,-2.7349,-2.3226,23.3011,23.576
2.279000,-0.3160,-7.9247,53.5114,54.096
2.288000,8.0084,-13.4948,68.1646,69.947
2.290000,13.4303,-14.1521,69.1092,71.810
2.303000,5.2042,-11.3147,69.1348,70.248
2.305000,-2.8823,-5.9931,69.0702,69.390
2.306000,-8.2596,0.4322,68.2641,68.763
2.309000,-12.0771,7.6130,56.7797,58.547
2.316000,-9.9063,12.0043,41.5072,44.329
2.319000,-6.7255,12.3992,26.9530,30.421
2.324000,-3.4022,10.6939,15.0342,18.761
2.329000,-0.7599,8.8475,7.8889,11.878
2.334000,0.2041,6.5845,2.3195,6.984
2.340000,0.5497,4.5192,-2.6817,5.284
2.344000,0.3326,2.3385,-5.9658,6.416
2.350000,-0.0768,0.2946,-7.9611,7.967
2.354000,0.1612,-1.0508,-9.2742,9.335
2.360000,0.4196,-0.6426,-9.6884,9.719
2.369000,0.5260,-0.2291,-9.6162,9.633
2.375000,0.4878,-0.0433,-9.8138,9.826
2.376000,0.5241,0.1158,-9.8434,9.858
2.380000,0.5510,0.2411,-9.8438,9.862
2.385000,0.5494,0.3111,-9.8151,9.835
2.392000,0.5716,0.3690,-9.8076,9.831
2.396000,0.5723,0.4410,-9.7519,9.779
2.402000,0.5584,0.4914,-9.7294,9.758
2.406000,0.5779,0.5441,-9.6897,9.722
2.411000,0.5831,0.6231,-9.6689,9.706
2.416000,0.6000,0.6778,-9.6501,9.692
2.421000,0.6143,0.7275,-9.6214,9.668
2.427000,0.6072,0.7795,-9.5923,9.643
2.433000,0.5998,0.8363,-9.5820,9.637
2.437000,0.6259,0.9023,-9.5450,9.608
2.442000,0.6255,0.9513,-9.5029,9.571
2.448000,0.6394,1.0051,-9.4892,9.564
2.452000,0.6580,1.0728,-9.4608,9.544
2.458000,0.6646,1.1427,-9.4369,9.529
2.461000,0.6542,1.1978,-9.4031,9.502
2.473000,0.6721,1.2573,-9.3450,9.453
2.474000,0.7015,1.3300,-9.2297,9.351
2.476000,0.5663,1.2943,-8.8405,8.953
2.491000,-0.0480,0.9032,-5.8620,5.931
2.493000,-0.8462,0.2553,-1.7912,1.997
2.494000,-2.7065,-1.7154,6.4482,7.201
2.496000,-3.8276,-4.3336,15.2739,16.332
2.501000,-3.9386,-6.7548,20.6511,22.082
2.506000,-3.2602,-8.4256,22.7670,24.494
2.511000,-1.8430,-9.1550,21.2414,23.204
2.516000,-0.3916,-8.8261,17.0438,19.197
2.521000,-0.0220,-6.4537,11.9007,13.538
2.526000,-0.9457,-3.4656,6.8759,7.758
2.533000,-1.9918,-1.1185,2.7236,3.555
2.536000,-2.5149,0.6540,0.3201,2.618
2.541000,-2.2548,1.6335,-0.5565,2.839
2.546000,-1.1609,1.8426,0.0587,2.179
2.552000,-0.1080,1.3566,1.0688,1.730
2.557000,0.2079,0.8343,1.7322,1.934
2.561000,0.2786,0.5494,1.7716,1.876
2.572000,0.5275,0.5201,1.3812,1.567
2.574000,0.7264,0.5427,0.8843,1.267
2.577000,0.7034,0.4578,0.2351,0.872
2.584000,0.5204,0.2436,-0.4850,0.752
2.592000,0.3937,0.1013,-1.1998,1.267
2.593000,0.3516,-0.0590,-1.9024,1.935
2.597000,0.5072,-0.2829,-2.4613,2.529
2.603000,0.5314,-0.4980,-2.7048,2.801
2.607000,0.3205,-0.5038,-2.8964,2.957
2.612000,-0.0225,-0.3644,-3.1485,3.170
2.617000,-0.5084,-0.3213,-3.1573,3.214
2.622000,-0.8418,-0.3107,-2.7222,2.866
2.627000,-0.8797,-0.2164,-2.0016,2.197
2.633000,-0.8247,-0.0591,-1.2418,1.492
2.637000,-0.7966,0.0837,-0.4953,0.942
2.642000,-0.7374,0.1819,0.1429,0.773
2.651000,-0.6207,0.2221,0.7400,0.991
2.653000,-0.3703,0.3000,1.2342,1.323
2.657000,-0.0487,0.3342,1.5635,1.600
2.662000,0.2714,0.2760,1.7736,1.815
2.669000,0.5483,0.1601,1.9030,1.987
2.673000,0.7669,0.1023,1.8296,1.986
2.678000,0.7153,0.0587,1.3382,1.519
2.693000,0.3175,-0.0526,0.7520,0.818
2.696000,0.0018,-0.0765,0.2287,0.241
2.697000,-0.2083,-0.0321,-0.2416,0.321
2.700000,-0.4010,-0.0223,-0.6258,0.744
2.719000,-0.5054,-0.0490,-0.8832,1.019
2.720000,-0.5324,-0.0929,-0.9208,1.068
2.721000,-0.4246,-0.0363,-0.6572,0.783
2.721000,-0.4287,-0.0370,-0.6568,0.785
2.723000,-0.0437,0.0794,0.2236,0.241
2.729000,0.0584,0.0571,0.5388,0.545
2.733000,0.1071,0.0877,0.6506,0.665
2.738000,0.0635,0.1021,0.5352,0.549
2.743000,-0.0258,0.0666,0.2550,0.265
2.750000,-0.1109,0.0094,0.0587,0.126
2.754000,-0.1630,-0.0289,-0.0585,0.176
2.758000,-0.1510,-0.0172,-0.1470,0.211
2.763000,-0.1487,0.0039,-0.1516,0.212
2.770000,-0.1752,-0.0083,-0.0511,0.183
2.774000,-0.1538,0.0106,0.0159,0.155
2.779000,-0.1039,0.0730,0.0756,0.148
2.793000,-0.0777,0.0898,0.1329,0.178
2.795000,-0.0679,0.0492,0.1950,0.212
2.796000,-0.0580,0.0328,0.1517,0.166
2.813000,-0.0578,0.0712,0.0511,0.105
2.816000,-0.0862,0.0546,0.0439,0.111
2.816000,-0.1337,0.0212,0.0702,0.152
2.817000,-0.1671,0.0309,0.0653,0.182
2.819000,-0.1409,0.0357,0.0126,0.146
2.824000,-0.1123,0.0168,0.0413,0.121
2.829000,-0.0859,-0.0262,0.0962,0.132
2.834000,-0.0929,-0.0191,0.1320,0.163
2.840000,-0.0833,0.0240,0.1294,0.156
2.844000,-0.0689,0.0383,0.0910,0.120
2.851000,-0.1116,0.0311,0.1340,0.177
2.855000,-0.1328,0.0286,0.1338,0.191
2.859000,-0.1184,0.0311,0.0715,0.142
2.865000,-0.1305,0.0548,0.0355,0.146
2.870000,-0.1208,0.0379,0.0832,0.151
2.875000,-0.1157,0.0161,0.1118,0.162
2.880000,-0.0893,0.0254,0.0734,0.118
2.893000,-0.0726,0.0515,0.0565,0.105
2.895000,-0.0892,0.0464,0.1043,0.145
2.896000,-0.1009,0.0319,0.1281,0.166
2.917000,-0.1007,0.0224,0.0920,0.138
2.919000,-0.0935,0.0535,0.0585,0.123
2.919000,-0.0932,0.0392,0.0656,0.121
2.919000,-0.1096,-0.0014,0.0703,0.130
2.920000,-0.0999,0.0155,0.0463,0.111
2.925000,-0.1070,0.0514,0.0080,0.119
2.930000,-0.1236,0.0467,0.0319,0.136
2.937000,-0.1282,0.0395,0.0941,0.164
2.941000,-0.1161,0.0251,0.1131,0.164
2.947000,-0.1089,0.0490,0.0890,0.149
2.953000,-0.1087,0.0469,0.0961,0.152
2.956000,-0.1133,0.0278,0.1151,0.164
2.960000,-0.0964,0.0232,0.1054,0.145
2.974000,-0.0798,0.0257,0.0479,0.097
2.976000,-0.0965,0.0138,0.0454,0.108
2.977000,-0.1178,0.0066,0.0669,0.136
2.981000,-0.1154,-0.0102,0.0788,0.140
2.988000,-0.1036,0.0089,0.0834,0.133
2.991000,-0.1013,0.0185,0.0977,0.142
2.996000,-0.0916,0.0161,0.1238,0.155
3.002000,-0.0866,0.0233,0.1476,0.173
3.006000,-0.0816,0.0518,0.0996,0.139
3.011000,-0.0837,0.0494,0.0708,0.120
3.017000,-0.1097,0.0564,0.0540,0.135
3.022000,-0.1430,0.0276,0.0730,0.163
3.027000,-0.1359,0.0177,0.0490,0.146
3.034000,-0.1071,0.0273,0.0465,0.120
3.037000,-0.1070,0.0248,0.0823,0.137
3.041000,-0.0567,0.0366,0.1061,0.126
3.046000,-0.0709,0.0150,0.0797,0.108
3.052000,-0.0587,0.0317,0.0581,0.088
3.057000,-0.0824,0.0412,0.0485,0.104
3.061000,-0.1228,0.0172,0.0795,0.147
3.075000,-0.1419,0.0244,0.0387,0.149
3.077000,-0.1347,0.0483,0.0124,0.144
3.078000,-0.0960,0.0101,0.0531,0.110
3.097000,-0.0984,0.0388,0.0865,0.137
3.099000,-0.0697,0.0435,0.0720,0.109
3.100000,-0.0815,0.0364,0.0743,0.116
3.100000,-0.0860,0.0461,0.0862,0.130
3.102000,-0.1144,0.0415,0.0981,0.156
3.107000,-0.1071,0.0272,0.1051,0.152
3.112000,-0.1085,0.0342,0.0710,0.134
3.118000,-0.0982,0.0245,0.0633,0.119
3.122000,-0.0950,0.0053,0.0652,0.115
3.127000,-0.0920,-0.0068,0.0646,0.113
3.135000,-0.0866,0.0123,0.0830,0.121
3.137000,-0.0906,0.0382,0.0942,0.136
3.142000,-0.0993,0.0402,0.1195,0.161
3.151000,-0.0863,0.0423,0.1043,0.142
3.154000,-0.0949,0.0444,0.0845,0.135
3.159000,-0.0942,0.0439,0.0410,0.112
3.163000,-0.1173,0.0101,0.0549,0.130
3.169000,-0.0783,0.0122,0.0663,0.103
3.173000,-0.1038,0.0120,0.0800,0.132
3.178000,-0.0864,0.0356,0.0746,0.120
3.188000,-0.0761,0.0612,0.0834,0.128
3.191000,-0.0707,0.0417,0.0780,0.113
3.196000,-0.0678,0.0200,0.0584,0.092
3.198000,-0.0910,0.0388,0.0317,0.104
3.203000,-0.0879,0.0219,0.0434,0.100
3.209000,-0.0895,0.0312,0.0572,0.111
3.213000,-0.0935,0.0311,0.0401,0.106
3.218000,-0.0786,0.0120,0.0422,0.090
3.223000,-0.0804,0.0355,0.0537,0.103
3.229000,-0.0630,0.0162,0.0556,0.086
3.233000,-0.0673,0.0329,0.0670,0.101
3.247000,-0.0738,0.0234,0.0618,0.099
3.247000,-0.0826,0.0495,0.0636,0.115
3.251000,-0.0937,0.0113,0.0655,0.115
3.254000,-0.0929,0.0088,0.0507,0.106
3.258000,-0.0732,0.0063,0.0384,0.083
3.264000,-0.0845,0.0135,0.0476,0.098
3.270000,-0.0742,0.0134,0.0709,0.104
3.274000,-0.0832,0.0179,0.0751,0.113
3.279000,-0.0920,0.0224,0.0792,0.123
3.287000,-0.0890,0.0293,0.0738,0.119
3.290000,-0.0740,0.0243,0.0565,0.096
3.294000,-0.0710,0.0264,0.0537,0.093
3.301000,-0.0586,0.0237,0.0580,0.086
3.304000,-0.0512,0.0185,0.0551,0.077
3.309000,-0.0817,0.0419,0.0594,0.109
3.314000,-0.0859,0.0344,0.0802,0.122
3.320000,-0.0779,0.0388,0.0748,0.115
3.325000,-0.0726,0.0432,0.0552,0.101
3.330000,-0.0744,0.0192,0.0262,0.081
3.336000,-0.0668,0.0357,0.0331,0.083
3.340000,-0.0639,0.0117,0.0234,0.069
3.344000,-0.0562,0.0236,0.0350,0.070
3.352000,-0.0509,0.0186,0.0371,0.066
3.356000,-0.0599,0.0350,0.0487,0.085
3.360000,-0.0617,0.0372,0.0388,0.082
3.364000,-0.0637,0.0251,0.0242,0.073
3.371000,-0.0680,0.0321,0.0122,0.076
3.376000,-0.0697,0.0176,0.0453,0.085
3.380000,-0.0572,0.0127,0.0639,0.087
3.395000,-0.0758,0.0363,0.0491,0.097
3.397000,-0.0682,0.0242,0.0345,0.080
3.398000,-0.0699,0.0312,0.0413,0.087
3.413000,-0.0504,0.0120,0.0481,0.071
3.414000,-0.0642,0.0096,0.0596,0.088
3.414000,-0.0589,-0.0025,0.0496,0.077
3.415000,-0.0489,-0.0002,0.0634,0.080
3.422000,-0.0532,0.0021,0.0795,0.096
3.425000,-0.0695,0.0094,0.0480,0.085
3.430000,-0.0619,0.0117,0.0499,0.080
3.437000,-0.0447,0.0305,0.0519,0.075
3.440000,-0.0394,0.0254,0.0610,0.077
3.445000,-0.0555,0.0157,0.0510,0.077
3.452000,-0.0598,0.0060,0.0339,0.069
3.455000,-0.0641,0.0107,0.0241,0.069
3.460000,-0.0635,0.0154,0.0477,0.081
3.466000,-0.0536,0.0175,0.0283,0.063
3.471000,-0.0365,0.0292,0.0138,0.049
3.476000,-0.0385,0.0122,0.0279,0.049
3.481000,-0.0358,0.0049,0.0206,0.042
3.491000,-0.0449,0.0238,0.0323,0.060
3.493000,-0.0589,0.0188,0.0249,0.067
3.497000,-0.0560,0.0258,0.0413,0.074
3.509000,-0.0507,0.0352,0.0599,0.086
3.510000,-0.0338,0.0254,0.0452,0.062
3.511000,-0.0240,0.0253,0.0258,0.043
3.520000,-0.0547,0.0156,0.0232,0.061
3.521000,-0.0569,0.0249,0.0183,0.065
3.526000,-0.0397,0.0390,0.0371,0.067
3.531000,-0.0608,0.0197,0.0701,0.095
3.536000,-0.0581,0.0222,0.0410,0.074
3.542000,-0.0341,0.0006,0.0216,0.040
3.546000,-0.0479,0.0006,0.0428,0.064
3.553000,-0.0428,0.0171,0.0353,0.058
3.557000,-0.0544,-0.0044,0.0208,0.058
3.561000,-0.0682,0.0074,0.0325,0.076
3.577000,-0.0654,0.0098,0.0512,0.084
3.578000,-0.0437,0.0071,0.0507,0.067
3.579000,-0.0529,0.0048,0.0551,0.076
3.582000,-0.0333,0.0263,0.0665,0.079
3.592000,-0.0379,0.0213,0.0422,0.061
3.593000,-0.0472,-0.0028,0.0299,0.056
3.596000,-0.0493,0.0089,0.0225,0.055
3.602000,-0.0606,-0.0054,0.0176,0.063
3.607000,-0.0458,0.0041,0.0365,0.059
3.612000,-0.0384,0.0158,0.0266,0.049
3.619000,-0.0310,0.0108,0.0145,0.036
3.623000,-0.0283,0.0179,0.0287,0.044
3.627000,-0.0280,0.0106,0.0213,0.037
3.632000,-0.0349,0.0034,0.0259,0.044
3.638000,-0.0203,0.0153,0.0328,0.042
3.642000,-0.0344,0.0224,0.0278,0.050
3.652000,-0.0602,0.0246,0.0276,0.071
3.654000,-0.0360,0.0268,0.0107,0.046
3.657000,-0.0334,0.0100,0.0154,0.038
3.662000,-0.0403,0.0242,0.0295,0.055
3.670000,-0.0352,0.0264,0.0269,0.052
3.673000,-0.0515,0.0310,0.0314,0.068
3.678000,-0.0416,0.0118,0.0383,0.058
3.692000,-0.0389,0.0142,0.0308,0.052
3.693000,-0.0457,0.0166,0.0282,0.056
3.694000,-0.0383,-0.0001,0.0232,0.045
3.705000,-0.0308,0.0070,0.0230,0.039
3.706000,-0.0448,-0.0096,0.0276,0.053
3.710000,-0.0492,-0.0095,0.0202,0.054
3.713000,-0.0392,0.0118,0.0367,0.055
3.720000,-0.0603,0.0282,0.0387,0.077
3.723000,-0.0384,0.0137,0.0289,0.050
3.729000,-0.0263,0.0134,0.0168,0.034
3.735000,-0.0284,-0.0081,0.0143,0.033
3.738000,-0.0113,-0.0010,0.0332,0.035
3.743000,-0.0253,0.0107,0.0448,0.053
3.749000,-0.0394,0.0177,0.0301,0.053
3.753000,-0.0392,0.0151,0.0037,0.042
3.759000,-0.0461,0.0007,0.0274,0.054
3.763000,-0.0219,0.0077,0.0225,0.032
3.781000,-0.0218,0.0148,0.0318,0.041
3.782000,-0.0239,0.0289,0.0125,0.040
3.783000,-0.0187,0.0217,0.0148,0.032
3.802000,-0.0234,0.0119,-0.0019,0.026
3.804000,-0.0305,0.0141,0.0147,0.037
3.806000,-0.0327,0.0093,0.0383,0.051
3.806000,-0.0324,0.0046,0.0285,0.043
3.807000,-0.0321,-0.0120,0.0164,0.038
3.810000,-0.0366,0.0143,0.0068,0.040
3.814000,-0.0315,0.0117,-0.0004,0.034
3.820000,-0.0264,0.0022,0.0210,0.034
3.824000,-0.0192,-0.0048,0.0327,0.038
3.831000,-0.0309,0.0144,0.0419,0.054
3.838000,-0.0331,0.0142,0.0582,0.068
3.841000,-0.0208,-0.0024,0.0387,0.044
3.846000,-0.0442,0.0166,0.0052,0.048
3.850000,-0.0298,0.0141,-0.0091,0.034
3.856000,-0.0155,-0.0004,0.0004,0.015
3.860000,-0.0202,-0.0148,0.0312,0.040
3.864000,-0.0176,0.0042,0.0595,0.062
3.874000,0.0016,-0.0030,0.0590,0.059
3.878000,-0.0102,0.0208,0.0371,0.044
3.880000,-0.0244,0.0207,0.0178,0.037
3.888000,-0.0528,-0.0009,0.0058,0.053
3.891000,-0.0310,-0.0057,0.0081,0.033
3.895000,-0.0071,0.0013,0.0270,0.028
3.900000,-0.0070,0.0108,0.0292,0.032
3.907000,-0.0211,0.0320,0.0147,0.041
3.911000,-0.0375,0.0174,0.0098,0.042
3.915000,-0.0372,0.0219,-0.0045,0.043
3.920000,-0.0275,0.0217,-0.0021,0.035
3.926000,-0.0367,0.0120,0.0288,0.048
3.931000,-0.0244,0.0144,0.0309,0.042
3.938000,-0.0147,0.0072,0.0259,0.031
3.940000,-0.0406,0.0072,0.0043,0.041
3.945000,-0.0308,-0.0072,0.0114,0.034
3.953000,-0.0140,0.0190,0.0066,0.024
3.956000,0.0028,0.0237,0.0136,0.027
3.961000,-0.0090,0.0093,0.0159,0.021
3.966000,-0.0089,-0.0026,0.0229,0.025
3.973000,-0.0301,-0.0025,0.0251,0.039
3.976000,-0.0370,0.0165,0.0439,0.060
3.981000,-0.0225,0.0165,0.0388,0.048
3.991000,-0.0009,0.0235,0.0218,0.032
3.992000,-0.0222,0.0234,0.0122,0.034
3.997000,-0.0244,-0.0149,0.0121,0.031
4.007000,-0.0313,-0.0052,0.0191,0.037
4.008000,-0.0356,0.0208,0.0166,0.044
4.011000,-0.0282,0.0205,0.0164,0.039
4.016000,-0.0256,0.0083,0.0186,0.033
4.021000,-0.0017,-0.0061,0.0256,0.026
4.026000,-0.0206,0.0011,0.0159,0.026
4.031000,-0.0251,0.0224,0.0419,0.054
4.037000,-0.0105,0.0150,0.0249,0.031
4.042000,-0.0317,0.0054,0.0105,0.034
4.046000,-0.0266,0.0149,0.0009,0.031
4.053000,-0.0192,0.0006,0.0057,0.020
4.057000,-0.0214,0.0027,0.0080,0.023
4.061000,-0.0142,0.0121,0.0031,0.019
4.067000,-0.0118,0.0048,0.0079,0.015
4.073000,-0.0211,0.0096,0.0078,0.025
4.077000,-0.0044,0.0072,0.0101,0.013
4.081000,-0.0236,0.0071,0.0242,0.035
4.090000,-0.0353,-0.0190,0.0169,0.044
4.092000,-0.0162,-0.0165,0.0168,0.029
4.097000,-0.0209,-0.0164,0.0095,0.028
4.104000,-0.0207,-0.0138,-0.0048,0.025
4.107000,-0.0230,0.0029,0.0047,0.024
4.112000,-0.0063,0.0099,0.0165,0.020
4.120000,-0.0064,0.0051,0.0306,0.032
4.122000,-0.0040,0.0193,0.0137,0.024
4.127000,-0.0181,0.0215,0.0207,0.035
4.132000,-0.0180,0.0096,0.0277,0.034
4.137000,-0.0179,0.0095,0.0417,0.046
4.142000,-0.0249,-0.0073,0.0176,0.031
4.149000,-0.0199,-0.0072,0.0151,0.026
4.154000,-0.0387,0.0141,0.0221,0.047
4.157000,-0.0146,0.0116,0.0005,0.019
4.162000,-0.0169,-0.0051,0.0077,0.019
4.173000,-0.0262,-0.0145,0.0147,0.033
4.176000,-0.0142,0.0116,0.0217,0.028
4.178000,-0.0140,0.0091,0.0049,0.017
4.182000,-0.0210,0.0210,0.0191,0.035
4.198000,-0.0090,0.0018,0.0023,0.009
4.199000,-0.0088,-0.0029,0.0118,0.015
4.200000,-0.0229,-0.0124,0.0117,0.029
4.213000,-0.0060,0.0019,-0.0002,0.006
4.214000,-0.0013,0.0065,0.0116,0.013
4.215000,-0.0181,0.0016,0.0067,0.019
4.221000,-0.0062,0.0159,0.0257,0.031
4.223000,-0.0180,0.0348,0.0302,0.049
4.229000,-0.0084,0.0156,0.0205,0.027
4.233000,-0.0179,-0.0200,-0.0082,0.028
4.239000,-0.0179,0.0016,-0.0058,0.019
4.243000,-0.0345,0.0016,0.0204,0.040
4.249000,-0.0319,0.0064,0.0155,0.036
4.253000,-0.0198,0.0064,0.0106,0.023
4.258000,-0.0364,-0.0150,-0.0014,0.039
4.263000,-0.0503,0.0137,0.0081,0.053
4.272000,-0.0096,0.0111,0.0104,0.018
4.274000,-0.0238,0.0015,-0.0063,0.025
4.278000,-0.0119,0.0110,0.0151,0.022
4.283000,-0.0190,0.0204,0.0198,0.034
4.296000,-0.0116,-0.0012,0.0338,0.036
4.297000,0.0074,0.0058,0.0169,0.019
4.299000,-0.0069,0.0056,0.0191,0.021
4.314000,-0.0115,0.0008,0.0142,0.018
4.316000,-0.0184,0.0008,0.0094,0.021
4.316000,-0.0113,0.0102,0.0022,0.015
4.322000,-0.0066,-0.0090,-0.0026,0.011
4.326000,-0.0018,0.0005,0.0116,0.012
4.330000,0.0196,0.0100,0.0068,0.023
4.334000,0.0099,0.0075,0.0233,0.026
4.340000,-0.0211,0.0026,0.0065,0.022
4.344000,-0.0376,-0.0046,0.0088,0.039
4.350000,-0.0136,0.0003,-0.0007,0.014
4.354000,-0.0183,0.0002,-0.0007,0.018
4.360000,-0.0228,0.0074,0.0064,0.025
4.364000,-0.0156,0.0144,0.0063,0.022
4.378000,-0.0178,0.0215,-0.0008,0.028
4.379000,-0.0082,0.0237,-0.0032,0.025
4.380000,-0.0082,0.0021,0.0087,0.012
4.387000,-0.0153,-0.0073,0.0134,0.022
4.396000,-0.0128,0.0117,0.0251,0.031
4.398000,-0.0174,0.0045,0.0178,0.025
4.400000,-0.0292,0.0092,0.0200,0.037
4.407000,0.0138,-0.0028,0.0080,0.016
4.410000,-0.0030,0.0044,0.0103,0.012
4.415000,-0.0125,-0.0003,0.0173,0.021
4.420000,-0.0053,0.0186,0.0124,0.023
4.425000,-0.0005,0.0067,0.0099,0.012
4.430000,-0.0147,0.0091,0.0099,0.020
4.437000,-0.0193,-0.0004,0.0217,0.029
4.441000,-0.0167,0.0042,0.0191,0.026
4.446000,-0.0024,-0.0054,0.0213,0.022
4.451000,-0.0119,-0.0101,0.0093,0.018
4.456000,-0.0071,0.0042,0.0068,0.011
4.461000,-0.0164,0.0135,0.0115,0.024
4.465000,-0.0068,-0.0008,0.0162,0.018
4.478000,-0.0090,0.0110,0.0042,0.015
4.479000,-0.0161,-0.0058,0.0089,0.019
4.481000,-0.0206,0.0131,-0.0007,0.024
4.496000,-0.0157,-0.0203,0.0040,0.026
4.497000,-0.0135,0.0345,-0.0126,0.039
4.497000,0.0080,-0.0109,-0.0102,0.017
4.501000,0.0129,-0.0155,0.0327,0.038
4.507000,-0.0205,0.0226,0.0134,0.033
4.511000,-0.0157,-0.0060,-0.0010,0.017
4.516000,-0.0155,-0.0011,0.0157,0.022
4.521000,-0.0083,-0.0011,0.0037,0.009
4.526000,-0.0133,-0.0082,-0.0011,0.016
4.531000,-0.0418,0.0155,0.0155,0.047
4.538000,-0.0176,0.0177,-0.0084,0.026
4.542000,-0.0056,-0.0110,0.0083,0.015
4.546000,-0.0056,-0.0085,0.0130,0.016
4.556000,-0.0009,-0.0061,0.0152,0.016
4.557000,-0.0104,-0.0132,0.0032,0.017
4.561000,-0.0199,-0.0035,0.0056,0.021
4.566000,-0.0176,0.0060,0.0079,0.020
4.572000,-0.0032,0.0082,0.0078,0.012
4.577000,-0.0031,0.0295,0.0244,0.038
4.582000,-0.0125,-0.0016,0.0075,0.015
4.597000,-0.0052,0.0008,0.0122,0.013
4.598000,-0.0122,-0.0088,0.0193,0.024
4.598000,-0.0145,0.0056,0.0239,0.028
4.615000,-0.0001,-0.0041,0.0118,0.012
4.617000,-0.0143,-0.0017,0.0117,0.019
4.617000,-0.0094,0.0079,0.0140,0.019
4.618000,-0.0285,-0.0111,-0.0075,0.031
4.623000,-0.0165,-0.0064,-0.0289,0.034
4.627000,-0.0188,-0.0158,-0.0144,0.028
4.633000,-0.0140,-0.0085,-0.0095,0.019
4.639000,0.0004,0.0035,0.0096,0.010
4.642000,0.0051,-0.0109,0.0119,0.017
4.647000,-0.0091,0.0106,0.0118,0.018
4.654000,0.0005,0.0033,0.0140,0.014
4.657000,0.0005,0.0057,0.0068,0.009
4.662000,-0.0043,0.0080,-0.0075,0.012
4.669000,-0.0185,0.0034,0.0021,0.019
4.673000,-0.0089,0.0058,0.0044,0.011
4.678000,-0.0063,0.0082,0.0163,0.019
4.682000,-0.0110,0.0056,0.0043,0.013
4.696000,0.0010,0.0007,0.0066,0.007
4.698000,-0.0204,0.0031,0.0184,0.028
4.698000,-0.0085,0.0055,-0.0031,0.011
4.713000,-0.0155,-0.0111,0.0064,0.020
4.716000,-0.0083,-0.0110,0.0087,0.016
4.716000,-0.0130,-0.0014,0.0086,0.016
4.718000,-0.0105,-0.0109,0.0038,0.016
4.723000,-0.0057,-0.0037,-0.0033,0.008
4.729000,-0.0151,0.0154,0.0204,0.030
4.733000,0.0066,0.0176,0.0179,0.026
4.738000,0.0137,0.0199,0.0154,0.029
4.744000,-0.0100,0.0243,0.0058,0.027
4.749000,-0.0052,0.0145,0.0105,0.019
4.754000,0.0044,0.0073,-0.0110,0.014
4.759000,-0.0217,0.0026,0.0010,0.022
4.763000,-0.0192,0.0024,-0.0109,0.022
4.772000,-0.0143,0.0025,-0.0227,0.027
4.774000,-0.0142,-0.0164,-0.0011,0.022
4.779000,-0.0069,0.0075,-0.0082,0.013
4.784000,0.0003,-0.0069,0.0014,0.007
4.799000,-0.0210,-0.0022,-0.0058,0.022
4.800000,-0.0138,-0.0092,-0.0081,0.019
4.801000,-0.0138,-0.0138,0.0086,0.021
4.820000,-0.0139,-0.0113,0.0156,0.024
4.822000,-0.0042,-0.0040,0.0131,0.014
4.825000,0.0030,0.0151,0.0130,0.020
4.826000,-0.0113,0.0126,0.0034,0.017
4.827000,-0.0231,-0.0018,0.0057,0.024
4.830000,-0.0111,0.0030,0.0057,0.013
4.834000,-0.0016,-0.0041,-0.0039,0.006
4.840000,0.0080,-0.0042,0.0270,0.029
4.845000,0.0127,0.0054,0.0031,0.014
4.850000,-0.0016,-0.0019,0.0078,0.008
4.854000,-0.0207,-0.0018,0.0172,0.027
4.860000,-0.0182,-0.0042,-0.0043,0.019
4.864000,-0.0108,-0.0042,-0.0019,0.012
4.877000,-0.0107,-0.0065,0.0243,0.027
4.878000,-0.0152,0.0101,0.0146,0.023
4.879000,-0.0198,-0.0042,0.0145,0.025
4.885000,-0.0243,0.0004,0.0120,0.027
4.890000,-0.0051,-0.0044,0.0024,0.007
4.894000,0.0068,0.0027,-0.0095,0.012
4.899000,0.0138,0.0003,-0.0047,0.015
4.905000,0.0090,-0.0022,0.0096,0.013
4.910000,0.0184,-0.0046,-0.0143,0.024
4.915000,-0.0053,-0.0068,-0.0046,0.010
4.921000,-0.0076,0.0169,0.0073,0.020
4.925000,-0.0075,0.0143,0.0191,0.025
4.930000,0.0019,0.0024,-0.0024,0.004
4.935000,0.0019,-0.0166,0.0071,0.018
4.940000,-0.0123,-0.0045,-0.0048,0.014
4.946000,-0.0075,0.0074,-0.0143,0.018
4.951000,-0.0098,0.0191,-0.0094,0.024
4.956000,-0.0051,0.0143,0.0168,0.023
4.961000,-0.0122,0.0071,0.0237,0.028
4.966000,0.0118,0.0167,0.0164,0.026
4.980000,0.0046,0.0071,0.0068,0.011
4.982000,0.0119,0.0023,-0.0027,0.012
4.983000,-0.0097,-0.0074,0.0020,0.012
5.007000,-0.0239,-0.0168,0.0020,0.029
5.008000,-0.0047,-0.0002,0.0020,0.005
5.009000,0.0096,0.0021,0.0162,0.019
5.009000,0.0143,0.0140,0.0113,0.023
5.010000,0.0142,0.0043,-0.0030,0.015
5.011000,0.0141,-0.0076,-0.0030,0.016
5.016000,-0.0051,-0.0075,0.0018,0.009
5.022000,0.0068,0.0138,0.0018,0.015
5.027000,-0.0217,-0.0006,0.0065,0.023
5.031000,0.0116,-0.0006,0.0064,0.013
5.039000,-0.0075,0.0114,-0.0055,0.015
5.043000,-0.0171,0.0065,-0.0031,0.019
5.047000,0.0044,0.0040,-0.0007,0.006
5.051000,-0.0193,0.0110,-0.0054,0.023
5.059000,-0.0191,0.0014,-0.0006,0.019
5.062000,-0.0047,-0.0058,0.0089,0.012
5.066000,-0.0141,-0.0104,0.0064,0.019
5.078000,-0.0188,-0.0032,0.0016,0.019
5.079000,-0.0043,0.0088,-0.0008,0.010
5.084000,-0.0067,0.0041,-0.0126,0.015
5.093000,0.0076,0.0017,-0.0173,0.019
5.095000,-0.0020,0.0136,-0.0076,0.016
5.097000,0.0052,-0.0126,-0.0028,0.014
5.103000,-0.0306,-0.0007,-0.0052,0.031
5.107000,-0.0231,0.0065,0.0186,0.030
5.113000,-0.0065,0.0064,-0.0053,0.011
5.117000,0.0054,0.0182,0.0161,0.025
5.123000,0.0078,0.0181,-0.0101,0.022
5.127000,0.0006,-0.0010,-0.0100,0.010
5.133000,-0.0040,0.0204,0.0114,0.024
5.139000,0.0127,-0.0059,0.0161,0.021
5.142000,-0.0111,-0.0176,0.0041,0.021
5.148000,-0.0015,-0.0009,0.0064,0.007
5.153000,0.0127,-0.0033,0.0016,0.013
5.158000,0.0078,0.0086,0.0087,0.015
5.163000,-0.0017,0.0062,0.0039,0.007
5.169000,-0.0111,0.0109,0.0039,0.016
5.180000,-0.0158,0.0037,0.0133,0.021
5.182000,-0.0014,-0.0036,0.0037,0.005
5.183000,-0.0300,0.0035,-0.0034,0.030
5.204000,-0.0036,0.0081,0.0085,0.012
5.208000,0.0037,0.0033,-0.0011,0.005
5.209000,-0.0010,0.0080,0.0013,0.008
5.210000,0.0084,0.0198,0.0155,0.027
5.210000,0.0059,0.0008,-0.0012,0.006
5.213000,-0.0155,-0.0039,0.0178,0.024
5.217000,-0.0035,-0.0062,-0.0109,0.013
5.224000,0.0131,0.0035,-0.0013,0.014
5.230000,-0.0083,0.0012,-0.0084,0.012
5.233000,0.0155,0.0058,-0.0059,0.018
5.240000,-0.0012,0.0010,-0.0082,0.008
5.244000,-0.0130,0.0104,-0.0058,0.018
5.249000,-0.0225,-0.0039,0.0061,0.024
5.257000,0.0085,0.0080,0.0061,0.013
5.259000,-0.0081,0.0152,0.0084,0.019
5.263000,-0.0056,0.0032,0.0131,0.015
5.270000,0.0016,-0.0040,0.0130,0.014
5.275000,0.0040,-0.0016,-0.0014,0.005
5.280000,-0.0029,0.0033,0.0082,0.009
5.285000,0.0114,0.0128,-0.0061,0.018
5.293000,0.0064,-0.0040,0.0010,0.008
5.294000,-0.0032,0.0008,0.0010,0.003
5.299000,-0.0174,-0.0063,0.0152,0.024
5.306000,-0.0173,-0.0181,0.0270,0.037
5.309000,-0.0124,-0.0061,0.0149,0.020
5.315000,-0.0194,-0.0085,-0.0137,0.025
5.320000,0.0047,0.0106,0.0078,0.014
5.325000,0.0096,0.0130,0.0101,0.019
5.331000,-0.0072,0.0056,-0.0161,0.019
5.335000,-0.0000,-0.0063,0.0030,0.007
5.340000,-0.0071,0.0104,0.0172,0.021
5.346000,0.0027,-0.0039,0.0242,0.025
5.350000,-0.0021,0.0080,0.0122,0.015
5.355000,0.0075,0.0175,-0.0069,0.020
5.360000,-0.0019,0.0079,0.0098,0.013
5.366000,-0.0065,-0.0015,-0.0069,0.010
5.371000,-0.0088,-0.0134,0.0074,0.018
5.378000,-0.0064,0.0105,0.0121,0.017
5.381000,-0.0087,-0.0014,0.0096,0.013
5.385000,0.0080,-0.0107,0.0048,0.014
5.391000,-0.0136,0.0012,0.0071,0.015
5.395000,0.0031,0.0011,0.0023,0.004
5.400000,0.0054,-0.0178,0.0023,0.019
5.408000,-0.0065,0.0108,0.0046,0.013
5.411000,-0.0042,0.0153,-0.0097,0.019
5.415000,-0.0135,0.0058,0.0166,0.022
5.421000,0.0032,0.0010,0.0164,0.017
5.426000,0.0007,-0.0037,0.0044,0.006
5.431000,-0.0112,-0.0037,0.0067,0.014
5.436000,-0.0086,0.0059,0.0067,0.012
5.442000,-0.0014,-0.0037,0.0019,0.004
5.446000,-0.0038,0.0034,-0.0029,0.006
5.451000,-0.0037,-0.0204,-0.0052,0.021
5.457000,-0.0154,0.0130,-0.0099,0.022
5.460000,0.0038,-0.0251,0.0139,0.029
5.466000,-0.0032,0.0131,0.0019,0.014
5.475000,0.0017,0.0177,-0.0052,0.019
5.477000,0.0018,0.0055,-0.0099,0.011
5.481000,0.0161,-0.0041,-0.0122,0.021
5.487000,-0.0028,-0.0184,0.0069,0.020
5.500000,0.0045,-0.0207,0.0140,0.025
5.501000,0.0024,0.0057,0.0092,0.011
5.502000,-0.0070,0.0057,0.0091,0.013
5.522000,-0.0115,0.0129,-0.0075,0.019
5.524000,0.0077,-0.0038,-0.0098,0.013
5.524000,0.0127,-0.0038,-0.0097,0.016
5.525000,0.0275,-0.0166,0.0026,0.032
5.527000,0.0605,-0.0511,-0.2766,0.288
5.532000,0.2183,-0.0399,-0.3823,0.442
5.538000,0.1791,-0.0229,-0.1289,0.222
5.543000,0.0248,-0.0075,0.1175,0.120
5.546000,-0.0796,0.0261,0.2144,0.230
5.552000,-0.1394,0.0331,0.1940,0.241
5.557000,-0.1538,0.0397,0.1355,0.209
5.562000,-0.1162,0.0483,0.1436,0.191
5.566000,-0.1281,0.0444,0.2132,0.253
5.574000,-0.1315,0.0475,0.2417,0.279
5.576000,-0.0903,0.0029,0.1845,0.205
5.582000,-0.0115,-0.0080,0.0565,0.058
5.587000,0.0418,0.0006,-0.0584,0.072
5.595000,0.0775,0.0098,-0.1721,0.189
5.597000,0.1024,-0.0209,-0.2253,0.248
5.602000,0.0896,-0.0491,-0.2044,0.229
