0,0,0
0.005,11.2162969232642,9.81361910527744
0.01,9.62571674888781,9.84838229451031
0.015,10.4674384466934,9.95355416166171
0.02,8.9074834126427,9.53923083916092
0.025,9.91650478994574,9.63742283691493
0.03,8.81544298910894,9.84362211652532
0.035,9.00108428823946,9.53961463584422
0.04,8.974170431493,9.11305105423119
0.045,9.11642312167743,9.79740187299464
0.05,8.9784344905778,9.61695002502336
0.055,8.991652144117,9.28312863603604
0.06,9.20030805579534,9.54616790371564
0.065,8.70496296200538,9.60455571204471
0.07,9.7888106312691,9.14141882175521
0.075,8.99113417496893,8.82335374702894
0.08,9.13831127531611,9.17489353500953
0.085,8.62945021770398,9.38107452822179
0.09,8.75132066532496,9.57521440973445
0.095,8.79155405592609,9.87317880491198
0.1,9.72654400451576,9.85593325607762
0.105,9.39714851061486,9.67881737693005
0.11,9.31579798284345,10.012477325273
0.115,9.32628965428787,10.4986854579961
0.12,9.52172317409842,10.3056237961148
0.125,10.0189853425239,10.3389586632265
0.13,8.89285395655704,9.86310838928732
0.135,8.92184291493848,9.6382978718058
0.14,8.27871836431879,9.63211706121643
0.145,9.15686214484806,9.39222244593263
0.15,8.57222899201942,9.55979000032982
0.155,8.84342860072001,9.58785151012026
0.16,8.75256848857237,9.39746297828861
0.165,8.8435529538947,9.78600323651512
0.17,8.17877983799088,10.2393766741278
0.175,8.82814240793346,11.1539497708256
0.18,9.07147109498078,10.5250517886036
0.185,9.16906057107348,11.3628618860325
0.19,8.36330061980183,11.3315878372332
0.195,7.75669388668961,16.5028566765634
0.2,8.96625646888463,11.022801381746
0.205,9.09305227502207,14.9666707013696
0.21,8.35984870342361,55.7799362077484
0.215,8.6961578358728,1.09294888554466
0.22,8.95552061327202,4.16433828983904
0.225,9.18182009840536,5.03458124598091
0.23,9.10530735121526,4.58286541733059
0.235,8.43337954387992,6.71886941594593
0.24,8.92470666482767,6.15536889718658
0.245,8.91032220614879,5.70990144511398
0.25,8.55988271355869,6.19967499489311
0.255,9.03098274971275,6.76859225203415
0.26,9.19916513589287,6.81963322719759
0.265,8.15969121453797,7.50729637501599
0.27,8.60928528595027,7.03640914649695
0.275,8.85104746105061,7.00102413581567
0.28,8.38735443551184,7.02014435014411
0.285,9.03123122659186,7.1412487779964
0.29,7.72467955742715,7.26399323249982
0.295,8.69765773377933,7.31583979197955
0.3,8.38403567011353,7.09946052345105
0.305,8.23503924047696,6.62073391979611
0.31,9.15960956682164,6.47592605235666
0.315,8.50413610150186,6.00214585525789
0.32,8.4412154671129,4.72658749564
0.325,8.567950449773,5.89193012113623
0.33,8.27931584192709,3.92989598182272
0.335,9.14777175122744,-2.29392628003846
0.34,9.20870603170203,5.73035845674861
0.345,8.57367357554734,4.56233395622571
0.35,8.48139689773554,5.7859711090422
0.355,8.46456322957202,5.71150560103754
0.36,8.04660575174514,2.66790521373304
0.365,8.28018779532639,-4.21124622298971
0.37,8.67229159862628,-0.966197583823096
0.375,8.77427989067149,-21.5744113972557
0.38,8.44066025761879,-6.42735217311498
0.385,9.2574115336268,-24.7867180021938
0.39,8.97410528400561,-13.0674506674713
0.395,8.48644607761208,31.1285955137101
0.4,8.52074377003433,15.9944427861495
0.405,8.84708495892427,13.1991426673118
0.41,8.36879990578141,22.3088626277049
0.415,8.40690763528604,11.3954708514467
0.42,8.27641050833223,10.4685197632097
0.425,8.82409422753998,10.448373308512
0.43,8.37656345772224,10.1263370336644
0.435,8.39057370285309,10.5913629585993
0.44,8.64485129236465,16.135011388226
0.445,9.9796655026219,13.2573276075954
0.45,8.22272180616369,19.9633700930867
0.455,8.7342655328598,12.9579586289511
0.46,8.69344112269871,40.2937212563037
0.465,8.5539144244494,20.9381902166854
0.47,8.69738024219787,-3.06595385749694
0.475,8.39304926699656,30.804637283589
0.48,8.59060621796062,3.40889469284392
0.485,9.07346929198387,3.57155649365497
0.49,8.18566218165497,5.04211542603351
0.495,8.31944282063263,-4.39324549337631
0.5,7.82650321315589,5.76252477240084
0.505,8.67453185623076,6.4393247954292
0.51,8.1594691324025,6.58597120664674
0.515,8.72211002931992,6.37881846929291
0.52,7.90118342351283,6.76661722250017
0.525,8.51173024539539,6.97400545179995
0.53,8.04052999601866,7.05324074252821
0.535,9.54739159990172,7.35468252898612
0.54,8.94910897398587,7.12256741229719
0.545,8.72618057525692,7.2655831084581
0.55,8.61342123307595,7.11944866201225
0.555,8.39579198844655,6.83897240184813
0.56,8.75349674904553,7.05310470170661
0.565,8.65464811879203,7.18260288305679
0.57,8.44178776128313,7.46019486433414
0.575,8.41190031688236,7.27150861756519
0.58,8.4025226307061,7.87109749427807
0.585,8.46153223004633,7.59805319570766
0.59,8.86040686194644,7.9326824620825
0.595,9.03513383844021,7.58819021852894
0.6,9.28787624131992,7.69541905015199
0.605,8.4568330991113,7.57187991412086
0.61,8.29357056206126,7.75148294228504
0.615,7.85186503097386,7.76374607369802
0.62,8.53426024711843,7.68383655256452
0.625,8.5662825222962,7.32649858314444
0.63,7.26735772375678,7.34102847492109
0.635,8.48004403255272,7.27101555147865
0.64,9.00017033901288,7.22316415991071
0.645,8.07455771692822,7.21562463611253
0.65,8.24508081036837,7.24577664319642
0.655,8.36171215683145,7.11634467270902
0.66,8.87494913208679,6.99485775510371
0.665,8.63086470499273,7.36481519224824
0.67,8.41414276934976,7.23850308573919
0.675,7.66000101638991,7.1897570710786
0.68,9.09020435313313,7.04831985990026
0.685,8.07501845286707,6.94760112424739
0.69,9.87584179814249,7.05142664107267
0.695,8.41053901285101,7.30110773846699
0.7,8.84175290246597,7.32572601493912
0.705,7.55424835710362,7.63100018051507
0.71,8.9727276028633,7.42233244190605
0.715,9.02717133930726,7.18307049717363
0.72,8.44700062101409,7.06984159010884
0.725,8.82286724266393,7.34843987892481
0.73,8.17360238377356,7.21107788446012
0.735,8.73884540813658,7.21860888621142
0.74,8.37556680750622,7.41899273812844
0.745,8.24167238638601,7.36727614178396
0.75,8.64186843911567,7.15376643669274
0.755,8.19706333202728,7.33279800048191
0.76,8.18903847460245,7.52412855870304
0.765,8.68754270230892,7.42328975722533
0.77,8.90968866520156,7.7018217023818
0.775,8.27635258443106,7.73703138074171
0.78,8.61041997427883,7.86620624337367
0.785,8.55831452346465,7.73105302492206
0.79,8.83221579921203,7.72376768550783
0.795,8.75988748157313,7.34495425698548
0.8,8.65806871225341,7.7706508078761
0.805,8.40679476899029,7.61293232644637
0.81,8.87696446212432,7.63407904537192
0.815,7.64689766744215,7.89826013046633
0.82,8.28229412179769,7.5728462187949
0.825,8.14014522210235,7.64689934949608
0.83,8.78394499405794,7.47934187205528
0.835,9.30677028036194,7.47894585011791
0.84,8.32716245234466,7.5192290665961
0.845,8.46442308685443,7.24050361039994
0.85,8.91809476209617,7.20393888084199
0.855,7.53606581683499,7.07393611634696
0.86,8.41829576424573,6.74896699455906
0.865,9.25771333139596,5.65791946603358
0.87,8.19078935755525,6.01012953844778
0.875,8.4875094072522,6.46174002336005
0.88,8.78563106581571,5.88493164231285
0.885,8.61367061462838,6.20031513947304
0.89,8.45692721189989,5.05113370942734
0.895,8.88534291709206,6.10925685430561
0.9,7.25765854674082,4.15144820239717
0.905,8.91251371537646,-1.40101525220618
0.91,8.85432883117844,20.4806001921849
0.915,7.53081540144414,1.55242836446093
0.92,8.88092103815523,0.230032599890085
0.925,8.08523142502627,1.11104075562317
0.93,8.68340977365764,4.32924008817217
0.935,8.52565787845525,3.39496560992942
0.94,7.82751279174525,5.09573956746707
0.945,8.20448345555136,5.63436086678996
0.95,8.98021979309037,5.00162107692175
0.955,8.12026281694017,6.1206040975216
0.96,8.45177261785421,5.82818977283421
0.965,8.19007570650523,5.52525052292599
0.97,8.63352515240009,3.557252445468
0.975,7.70300736417145,142.318623661668
0.98,8.9077564666039,0.764124294492559
0.985,8.57054516909131,31.3783981509419
0.99,9.40493411387625,130.090159080385
0.995,8.27433062557446,17.6446192034457
1,9.26108228317162,0.860920631425783
1.005,8.82033255898104,13.4667110499718
1.01,8.99977107351562,13.3283217784892
1.015,9.00802166866404,16.158207016455
1.02,8.22143916421441,24.4516751968123
1.025,7.72538123046476,13.0352447983819
1.03,8.49557071342216,11.1724440654981
1.035,8.43526623961133,10.0878439623346
1.04,8.18989819780945,10.6965055532723
1.045,8.69146556584392,12.3379561546724
1.05,8.3632254807719,13.4836876415145
1.055,8.42519711439794,10.7450941704318
1.06,8.87535308436066,10.6517192497845
1.065,8.80816838156621,11.2891602379208
1.07,8.54569245454005,13.6806354706917
1.075,8.61957959954168,13.8389399781768
1.08,8.7681341531369,19.9836323676996
1.085,8.01673569462333,-2028.2867061299
1.09,7.91410918921264,23.0896516426428
1.095,8.14177731633337,16.18026040416
1.1,8.59143216432512,355.684460177658
1.105,8.00012245545404,-4.64941635651992
1.11,8.00266105427491,78.2990612370926
1.115,8.82884713106628,78.9959231917198
1.12,8.33931098038905,-5.46248551723447
1.125,8.27544457816335,14.3622277735066
1.13,9.18928824536572,11.1129310246487
1.135,8.0895335907821,10.5306009534369
1.14,8.07555974753885,11.154100146948
1.145,8.49038095697173,12.4559653608624
1.15,8.21261448885904,11.693045405156
1.155,8.82844324725881,12.0234422382212
1.16,9.05627596647708,15.1412155855214
1.165,8.57650513408699,11.5172915422304
1.17,8.73118304393515,18.3740000617018
1.175,7.60495198177661,-6.80369806413623
1.18,8.13845077155108,22.7363351274966
1.185,8.68806633072431,16.8587703083958
1.19,9.58145121127751,12.90958919329
1.195,8.37830877597221,12.0766298641477
1.2,8.73378364940841,17.4931498664849
1.205,8.73148365178278,12.5575697750989
1.21,8.32324539775139,11.6540398277245
1.215,8.84740012417763,10.420243421386
1.22,8.41486592948908,10.5303401235038
1.225,8.4658493252857,9.82358673611196
1.23,8.76838630574921,10.3479252669364
1.235,8.54110662697519,10.3907995323133
1.24,8.19120989923726,10.1956279974428
1.245,8.55246553924676,9.75291222390845
1.25,8.41935093981859,9.61826948150685
1.255,8.73174624485245,9.58253890362769
1.26,7.92360421378652,9.58386674293293
1.265,8.49943655630682,10.0552034557028
1.27,8.34219043546782,9.56515155120455
1.275,8.30759389864844,9.34729321616589
1.28,8.66060366987595,9.50468267734698
1.285,8.78026839260515,9.52210570223999
1.29,8.2401087812243,9.63416331204682
1.295,8.04823411360107,9.9025821466399
1.3,8.3385002734703,9.50224769264595
1.305,8.82822952440901,9.41079219894862
1.31,7.78574435032812,9.15038731902605
1.315,7.71977501347404,9.36697283596808
1.32,8.97216379436552,9.32411865949624
1.325,8.45778543974842,9.35109585963176
1.33,7.80178860522237,9.10893153621427
1.335,8.65487836459928,9.3909770716683
1.34,8.52179356105629,9.24893501997708
1.345,8.67678699460108,9.14959142498071
1.35,9.16806764771704,9.07192913474209
1.355,8.78360187918459,9.43855706212748
1.36,9.15223329005518,9.50614509240858
1.365,9.07516440422183,9.5581545715747
1.37,8.47529369509027,9.35418501128567
1.375,8.59651608316649,9.52755279727711
1.38,9.08329938875166,9.37691679739331
1.385,8.1179290835309,9.47717914128685
1.39,7.78316103540079,9.4905625696275
1.395,8.72931411610572,9.41040809707816
1.4,8.53436507581436,9.17542519959723
1.405,8.65503461252692,9.40152550810387
1.41,8.76631959832074,9.38567630908832
1.415,8.94065367985535,9.05299715749194
1.42,8.79218250759277,9.23911345254753
1.425,8.74054160884361,9.26137680329653
1.43,8.13554287021668,9.4867086741333
1.435,8.10938669734528,9.16066120784461
1.44,7.92436183778469,9.34413806356725
1.445,8.9918015288006,9.23441398296487
1.45,8.1528781379484,9.41173956549549
1.455,8.19228545958292,9.26641774344396
1.46,8.45931566298161,9.29419752933608
1.465,8.53388927391248,8.95589796501214
1.47,9.011905604962,9.07032550690368
1.475,7.82619793243324,9.25715992373581
1.48,8.53217520390265,9.29171118837405
1.485,8.63516527503026,9.09953318936498
1.49,8.66725512852385,8.76863249212057
1.495,8.11741600096353,8.90560909873507
1.5,8.35251534443861,8.80933360122932
1.505,7.86136098317336,9.03419153924865
1.51,8.838638415972,9.17120954151214
1.515,8.54369634937635,8.70168909185205
1.52,8.59193688690856,9.1980796967656
1.525,8.97217711144826,9.27325095627558
1.53,8.7214486882661,9.00806519152903
1.535,9.33887857909658,9.53838091674066
1.54,8.5870742559271,9.57583795872973
1.545,9.2937120731358,9.66309592534099
1.55,8.02048125016361,9.63785098753618
1.555,8.35112594202066,9.55483459165734
1.56,8.61227158848273,9.67776411944936
1.565,8.24322137183188,10.0364941433806
1.57,8.26761633566523,9.80765499861941
1.575,8.17250169995422,10.0033838352875
1.58,8.49149147465078,14.198243296604
1.585,7.94097428210438,13.4333522417053
1.59,9.01763481896974,10.958749322374
1.595,8.11906320316325,88.5914326817619
1.6,8.58274835592586,17.3032141222778
1.605,7.79895164814229,27.8088504479481
1.61,8.13052762492138,19.3248064053481
1.615,9.71410152877219,27.8608293541632
1.62,7.39601935846857,32.5219427240468
1.625,9.24000798614842,15.5828655239802
1.63,7.92684152925794,16.0098741973209
1.635,7.79966331942555,28.7393137192436
1.64,8.81370379595739,-5.07206033466203
1.645,7.47212942593213,31.849426293087
1.65,8.21625926031541,-36.4607921711419
1.655,7.78768930935524,15.0011190567642
1.66,8.34390827082887,25.2183840009254
1.665,8.67762223595662,-28.7332391499287
1.67,7.97804803263795,-27.1054146831384
1.675,9.1883883131426,-1.62438645582355
1.68,8.80712638481297,0.23589985117666
1.685,8.90042170447415,-5.30581838255247
1.69,7.98450670397035,3.53479919731113
1.695,7.84776724040405,-6.30600196960749
1.7,8.37968573633468,3.52554784346153
1.705,9.52624136230434,3.12155851398886
1.71,8.27666091019816,4.25564860008005
1.715,8.77498230474179,-2.15457005279439
1.72,9.10233651356584,88.6310500981002
1.725,8.62714451697058,-6.53020015072119
1.73,8.21376774879148,-0.312734717031403
1.735,8.87964375993315,-1.32664246193932
1.74,8.89796586952177,5.39690932189869
1.745,8.66802439697068,5.6798431460462
1.75,8.39071790004682,4.86124370023756
1.755,7.90343982563083,5.74811103416425
1.76,8.49732940789857,2.40918833327789
1.765,7.84375723028011,2.80993441069337
1.77,8.09169640887157,4.77088626872942
1.775,7.9340846661918,115.863768778985
1.78,9.34374999171907,1.62654851112945
1.785,7.87951745481567,54.9676445547862
1.79,8.13248663197682,-45.1695935927399
1.795,8.90475145176151,20.7344048154898
1.8,8.24514681097747,18.755898416084
1.805,9.30830381792862,-19.4332988538612
1.81,8.01064792296549,16.9071407793977
1.815,7.52258932763644,23.8519177704524
1.82,8.41807737226283,42.3558868100654
1.825,7.9099616906929,1.85392906310365
1.83,8.46266571946397,-8.84339005823941
1.835,8.75863972193516,25.979077412006
1.84,8.44992398730062,29.7676947435975
1.845,8.17963460722243,12.5024308405223
1.85,8.21314498687565,12.4916799490359
1.855,7.79554073049104,12.2761369098435
1.86,8.62177313510274,11.6845344312479
1.865,8.99625475981138,19.671454527193
1.87,8.94917063717834,17.4431361243062
1.875,7.6504114970574,18.3558346905101
1.88,8.05082031649216,-86.2220351163767
1.885,8.47654984264636,17.184557052509
1.89,9.59650693897281,13.9618044024108
1.895,8.22225911691559,22.5449192283512
1.9,7.8717959784411,11.4056904955011
1.905,7.98404152230466,13.1456365433991
1.91,9.08792715177968,-22.2564992901136
1.915,7.82506932010228,15.9006192346674
1.92,8.16080711605286,12.1757741401476
1.925,8.40264987408129,12.3214176956736
1.93,7.52578295580954,12.2526438747216
1.935,8.60253546867612,11.0392254812219
1.94,8.10267307978138,10.1587656778035
1.945,7.52364786814137,10.2452805539797
1.95,8.4985495969937,9.54014697856472
1.955,7.90377841384134,10.3499531255901
1.96,8.88654457959395,11.4683642687017
1.965,9.12529344550542,12.4451163336272
1.97,8.39260913210925,11.0650151618943
1.975,7.6193433827108,11.4630593990343
1.98,9.0859440174439,11.4525174508811
1.985,8.96138787179454,12.5546962533831
1.99,8.64193715701331,60.3720673318169
1.995,7.98648735270078,-9.41049134528122
2,8.25445499109701,-41.3748436714797
2.005,8.56866246261068,103.158949951106
2.01,8.31454574584264,237.820441914767
2.015,8.73801638068644,-7.40822232019692
2.02,7.95692400622863,43.5362619708861
2.025,8.47930654811172,-12.6644218014587
2.03,8.41142031319404,-6.01788754871914
2.035,7.98082464233001,184.946525670391
2.04,7.75769597688021,-0.573319665137252
2.045,7.934318413305,-2.55158140868588
2.05,8.06527920203504,4.66264051791585
2.055,7.60986939132743,4.70673998904184
2.06,7.54702554351607,6.01789101010794
2.065,8.27553227492753,5.18277851994295
2.07,8.02007643039891,5.67196478354563
2.075,8.38905150204143,7.07377648224274
2.08,8.70445185265316,6.79353966995079
2.085,7.95209525429094,6.70262766953834
2.09,9.12116350988971,6.80993756285227
2.095,8.38569659130031,6.79152661167845
2.1,8.08334163272499,7.06538095706051
2.105,8.24833748583464,6.43077023967171
2.11,8.59852694953319,6.28188801783835
2.115,8.52443805835882,7.18002633907193
2.12,9.08027455115863,7.0961203279008
2.125,8.55463000101416,7.17098710633981
2.13,8.1514730065408,7.49642397881451
2.135,9.58087745571504,7.52630622347392
2.14,8.12758099245711,7.52995150549878
2.145,8.55196052709415,7.1246726902989
2.15,9.06981926158567,7.10512964674879
2.155,8.60461024170252,7.47041034347577
2.16,8.87039228226999,7.14349272996524
2.165,8.65782276357373,6.78186152861068
2.17,8.58800928852859,7.21747148931339
2.175,9.18534874594786,6.68631122794643
2.18,8.15961037084547,6.82740247559964
2.185,8.26391927899678,6.78873754526937
2.19,8.30399648217811,6.38582331448742
2.195,8.71634767033455,6.78377921027209
2.2,8.38921497308502,6.55943159082273
2.205,9.4373345635334,7.31637994792553
2.21,7.62781841106811,6.92858610805383
2.215,8.68117964521602,6.32105406402732
2.22,8.67011468785266,6.36670076010002
2.225,9.13506977477117,6.6730088238594
2.23,7.5824284708322,7.13728482010977
2.235,8.51797894427322,7.04932659739801
2.24,9.40520226476744,7.33656732177327
2.245,8.02401339314543,7.14809807486175
2.25,8.48810037449483,7.61586679269192
2.255,8.64324557950832,7.23031576758658
2.26,8.56432478136676,7.40622539616642
2.265,8.56078652615357,7.10923297878603
2.27,8.92516984779431,7.32798578074319
2.275,8.25227558217098,7.29697793950671
2.28,8.37103248660459,7.46727457262887
2.285,8.92291572309082,7.61894533160953
2.29,8.62707360813286,7.4089224627524
2.295,7.866449434289,7.53687310147814
2.3,7.88473440572344,7.8271796402199
2.305,8.25134507706153,7.81448092930068
2.31,7.9885329281123,7.5521407176897
2.315,7.67329518024165,7.63990974775423
2.32,8.86778360102803,7.70109964646477
2.325,8.31527849061307,7.8202944869345
2.33,8.81621270179013,7.75366308688024
2.335,8.76755138289364,7.84391017360559
2.34,8.36331376013853,7.74575674277212
2.345,8.1790338272309,8.10758784781634
2.35,8.03984322316811,7.98268990120786
2.355,8.22352361331181,8.12895956440518
2.36,8.52435480945217,7.6834889181675
2.365,8.10626949729977,7.71833903342212
2.37,8.01547134790595,7.79472098315241
2.375,8.10064236556842,8.0093935889338
2.38,8.15561530835387,8.12419715783104
2.385,7.77731823193466,8.12168334134056
2.39,8.54185627045119,8.03335081135122
2.395,9.24660150822004,7.9933247780343
2.4,8.97463651478196,8.14563051741847
2.405,8.75357787025686,7.7216528163054
2.41,8.3260866064304,7.79843940196258
2.415,8.31008276556529,8.04839587799068
2.42,7.95740874459536,8.03931472666336
2.425,7.50828090230076,8.10758636370986
2.43,8.48673142419112,7.94379569715758
2.435,8.27701830993476,8.10312247298108
2.44,8.30842094857119,8.12217235290028
2.445,7.97826508744686,8.1445063882642
2.45,9.216232390503,8.0670359545308
2.455,8.65387327847407,8.27702251595388
2.46,8.20939295338352,8.25160276105282
2.465,8.6141364980954,8.23225795094281
2.47,8.49549328635096,7.88556331689547
2.475,9.41653332827812,8.11274887363326
2.48,8.67092293227334,8.0287853686084
2.485,9.08737787268814,8.12056290081487
2.49,9.0943186797082,7.89983245965811
2.495,8.14335128792145,7.87175010314695
2.5,8.02278475246009,8.03584544816787
2.505,9.22421645162708,7.82431442045891
2.51,8.52975325775561,7.9742390990724
2.515,8.84285998310318,7.93791475892559
2.52,8.81665709038781,7.98448199648291
2.525,9.0835207841543,7.73187188808562
2.53,8.83663972959674,8.1069156792257
2.535,8.10477876815728,7.57719024056516
2.54,8.54373038154044,7.91890577068531
2.545,8.5310875691237,7.77513223635362
2.55,9.23725264183388,7.67943545436506
2.555,8.3019542471688,8.20192094581199
2.56,8.53105829835194,7.94165872496031
2.565,8.10782433562493,8.04834347065873
2.57,8.17829506874114,7.93542121729352
2.575,8.67193337145149,7.95671038450889
2.58,9.14214246109087,7.91916107745474
2.585,9.18994162433238,8.01025130425811
2.59,8.09078676886691,7.72145769801011
2.595,8.04512966435,7.83441313112539
2.6,9.00376864235746,8.00532793068437
2.605,8.77488479995061,7.9182311955889
2.61,8.68137101455243,8.11116514993634
2.615,7.58414666017834,8.03091119051244
2.62,8.69049840131768,7.86557058908734
2.625,8.88057153035275,7.99259472037567
2.63,8.61351986288052,7.92263286478521
2.635,8.48951203119677,8.31458357013243
2.64,8.57844689509321,8.12951325459051
2.645,7.51707947704624,8.14097618143831
2.65,8.09122928674042,8.07146483854775
2.655,8.42491432640286,8.12899825401071
2.66,8.60143245765262,8.12488839224784
2.665,8.33289167278922,7.98776326187103
2.67,8.87504000926083,8.14891921244843
2.675,9.15851932228625,8.08240449027176
2.68,8.62052941858475,8.10587669770749
2.685,7.75911052196812,7.89435101056228
2.69,8.8609981534081,8.03217056739957
2.695,8.45970360525366,7.89418095564584
2.7,9.33651225043029,8.05133629336888
2.705,8.44136665037371,7.92597411876167
2.71,8.08698845262125,8.11001130345039
2.715,9.54343903540492,8.12353240923405
2.72,9.04357646292461,7.83724638740042
2.725,8.12660489835895,7.87337620755878
2.73,7.02947503826156,7.94126050733658
2.735,8.26931803473467,8.06414147459735
2.74,8.77428577862568,7.77625727558769
2.745,8.78580989920706,8.12095038751742
2.75,8.26909170722604,8.04763842137928
2.755,8.33954988381547,7.99024048583317
2.76,8.73167474866675,7.97650745025429
2.765,8.44515359805257,8.01654295884565
2.77,7.71379497903619,7.84368446765122
2.775,8.19576144098967,8.00319523068765
2.78,8.23376068557338,7.84770918322833
2.785,8.5494756671432,8.0238933301142
2.79,7.68286038704186,7.90770916582129
2.795,8.34799243790372,7.89359124168828
2.8,8.82086593753788,7.78569831190674
2.805,9.04394701164471,8.05528059079362
2.81,9.85870358291274,7.70154119172296
2.815,7.94755638223889,7.91172545177775
2.82,8.33507977691755,7.98183275199301
2.825,8.19389032195575,8.1675478369008
2.83,8.10009595936601,7.82660295990195
2.835,8.42825675443425,7.94148415964447
2.84,9.05446201614955,7.8052218386934
2.845,8.4653335769498,8.30591788605448
2.85,8.52195913191401,8.00083473706957
2.855,8.27834064336825,7.94720710610244
2.86,8.14094557328458,7.93982495092505
2.865,7.63527868417435,8.00912855115315
2.87,8.43063299365534,7.89685866427055
2.875,8.849391925884,8.24821587383928
2.88,8.29477068286972,7.82698431830552
2.885,8.58191110572129,7.75804358871144
2.89,8.80487857574652,7.63000575256497
2.895,8.77684216679431,7.79070329685814
2.9,8.92072348426407,7.99596803959989
2.905,8.76044788406575,8.06801800822847
2.91,9.08759667623042,7.83601695921809
2.915,7.96804630537709,7.99786086668792
2.92,9.24521046261752,8.0573523420093
2.925,8.81673046836059,7.96184594341954
2.93,7.73785306312955,7.74632844545156
2.935,7.8308526608633,7.94276600992954
2.94,7.96170098540411,7.78567819393779
2.945,8.66726775551987,7.77415920169239
2.95,8.07447115119867,8.01222569212832
2.955,8.88631562659608,7.91179473316937
2.96,8.85388990950774,7.57709457021433
2.965,7.80900634957803,8.16916565698697
2.97,8.36529472484374,8.04364346237036
2.975,8.38737431465012,8.00928679350491
2.98,8.37786230644841,8.15665092558944
2.985,8.64329215857431,8.16673117943674
2.99,7.87743560618942,8.1330949747891
2.995,7.84319752823689,7.72612660101127
3,8.68544064381219,7.97676651823363
3.005,8.25709910961109,7.92918737868136
3.01,7.93318445965445,8.30629375190085
3.015,7.80177864882191,7.96332333226031
3.02,8.67279376584588,8.13948462278504
3.025,8.66400550527796,8.16829484606767
3.03,8.41874134298031,8.0174015446937
3.035,7.99642653392974,7.97695669665324
3.04,8.86359611007746,8.31580500121987
3.045,7.93790482381685,7.93996416564021
3.05,7.52971478011223,7.96880913834251
3.055,8.53723700338966,7.68789318455374
3.06,8.77682336095069,8.12606431307872
3.065,7.7541380637779,7.84300557579141
3.07,9.1490449355142,8.14013649886108
3.075,8.36472546097497,8.02320774213431
3.08,8.10354907672507,7.88910294168554
3.085,8.84297094923893,7.90229809096831
3.09,7.85545152410742,8.01242140784758
3.095,9.59205039010668,7.99459676613073
3.1,8.03218383987869,7.97534683002378
3.105,9.05749539086176,8.0184429433948
3.11,8.57740022662159,7.92557483340782
3.115,7.8699403823735,8.03182985260152
3.12,7.89190465419107,8.13524710900588
3.125,8.21576247019455,7.87984166329125
3.13,8.6044366594052,8.12879412803866
3.135,8.14122841223561,8.07222597167749
3.14,8.14702279229919,7.94849598695124
3.145,8.69295832784202,7.82202082736577
3.15,8.75026244331356,7.79995709150317
3.155,8.55242206417082,8.04410388880877
3.16,7.87344662949863,8.29871848774451
3.165,8.31062937250517,7.93449299121872
3.17,8.51554020220465,8.00322169054701
3.175,8.89745005483382,8.16364933859661
3.18,8.29308450496098,7.82804651871316
3.185,8.73489270668189,8.07580083446468
3.19,8.00430168596423,8.19910173271039
3.195,8.51704103832898,8.05389623004729
3.2,9.16212398004932,7.89491370282664
3.205,8.40713679501929,7.9946790480466
3.21,8.06892658847234,7.76876769931834
3.215,8.17316074927252,7.92673737133453
3.22,9.79376970532993,7.75505029294163
3.225,7.93858270632593,7.65043320266471
3.23,8.86777310439392,7.77685535334814
3.235,8.48216734030929,8.01904586416636
3.24,8.43557922986553,8.10817377891653
3.245,8.93060209478966,8.03323211112936
3.25,8.21850498303262,7.84353095853225
3.255,8.16008997605653,8.03900653237563
3.26,7.94139869407255,8.0506528015603
3.265,8.53445971467011,7.919059428021
3.27,8.57429170378244,8.15896653484678
3.275,8.49088666642235,7.84615575640615
3.28,8.60251106211682,7.81776792809114
3.285,8.31516932333611,7.92134690274357
3.29,8.17144423221348,7.87689033644935
3.295,9.31012855432719,7.72864687446003
3.3,8.2464525027794,8.12283405324203
3.305,7.31039039996866,8.36962716000045
3.31,7.8641026019023,7.91532674822778
3.315,8.07548164202693,7.97620050791408
3.32,8.47159667502133,7.98226954971924
3.325,8.68842136785789,8.01689452553888
3.33,8.00509613117087,8.13640294479838
3.335,7.84070711436543,8.07880434431469
3.34,8.31161374342448,8.03687004585972
3.345,7.88950503499845,8.19616553941346
3.35,8.07829632156909,7.90169437322877
3.355,8.90497139927515,7.78154801910032
3.36,8.66039351564955,8.08315560657991
3.365,9.07974634407658,7.73708583384863
3.37,9.38102528298914,7.94439398201018
3.375,7.98210819754682,8.15929835581092
3.38,9.33813026953487,8.05133022251984
3.385,7.90568226097305,7.79006831258713
3.39,9.43675177535705,7.74490898090838
3.395,8.29474761970942,8.24169711195061
3.4,8.29113739621762,8.17908456884808
3.405,7.59563452947689,8.08839235590338
3.41,7.74664095280105,8.23239357201912
3.415,8.54128416414977,7.87307999556325
3.42,7.93765661582648,7.7643010923025
3.425,9.18245975602226,7.96807096534984
3.43,8.05088502091107,7.91478366530384
3.435,8.47972749597571,8.08472282091618
3.44,8.27735741845524,8.13172529136293
3.445,8.66439701621186,7.70882508888835
3.45,8.89470504686614,8.01838436217397
3.455,8.46881727932758,8.20740536123146
3.46,7.74692265009724,8.28612587325136
3.465,7.93331894511096,7.66468105503898
3.47,9.12061332253729,7.96206766045989
3.475,8.12443867414978,8.13460836652613
3.48,8.14952992370085,8.08584456175978
3.485,8.68868506370949,8.0928731094658
3.49,8.86964130441313,8.18532256491463
3.495,7.95162151038804,8.3485339537929
3.5,8.00517466322633,8.46182389912102
3.505,8.42681931997953,8.17451073277645
3.51,8.2305792540544,8.24740321271929
3.515,7.89001662363033,7.84835224633949
3.52,8.77115067044602,7.99681428773023
3.525,8.78471104112837,8.20858241424555
3.53,8.31184337960162,8.23501151785399
3.535,8.47165610033136,7.91995428953414
3.54,7.48785026149059,8.2266568666098
3.545,8.83345245324565,8.23929260535883
3.55,9.104997380039,8.19434230575498
3.555,8.12243385291248,8.06992519324136
3.56,7.83079713351321,8.40840465678705
3.565,8.3334752308046,8.11862585951561
3.57,8.76059883380313,8.14822791834616
3.575,7.4838152397616,8.07838189174594
3.58,8.29707573038915,8.35780842318312
3.585,8.6773934398135,8.15326590552906
3.59,8.75257071712927,7.898598174323
3.595,8.62897129607882,8.23895568795518
3.6,8.77733027602835,8.2662432326347
3.605,8.32765612650301,8.20676040234864
3.61,8.19834328819764,8.2151459742066
3.615,9.31498143923081,8.05299383925384
3.62,8.36957051672658,8.15210182479215
3.625,8.22658691717736,7.97688242633974
3.63,8.00541482882567,8.02417746258066
3.635,9.14346912428314,7.97267325672614
3.64,8.80970903885381,8.31632467502969
3.645,9.62523595012361,8.17137592482962
3.65,8.07805029345317,8.0730449879235
3.655,8.94052610434404,8.19681110410497
3.66,7.67889865644123,8.48197186794373
3.665,7.70469918345276,7.94434662176137
3.67,8.35750463146388,8.34159876823474
3.675,7.87049612355311,8.08095403141289
3.68,8.29514744558386,8.03210267524898
3.685,8.64245683738146,8.01174994313872
3.69,8.68498876090778,8.14201136803909
3.695,8.32555843413491,8.08183913750899
3.7,8.01031765267642,8.21821726620927
3.705,8.73504482514852,8.16557300051183
3.71,8.15670679824384,7.95766630308933
3.715,8.36418841713032,8.01695206462449
3.72,9.11435753654939,8.33370262453968
3.725,9.27398580359692,8.11064683064006
3.73,8.69522203770185,8.11196465500428
3.735,7.99674463369481,8.11979163205632
3.74,8.53750016543689,8.11213059511903
3.745,8.23160496056493,8.02096294648003
3.75,8.18955612069275,7.82069615426835
3.755,8.24975291795155,8.30990010242064
3.76,8.34813267775074,8.12237448130319
3.765,8.38031865693273,8.12560491205383
3.77,8.10990928648955,8.16261840180619
3.775,8.20325666925774,8.22874386580695
3.78,8.87337708470158,7.95109551287816
3.785,9.51283849309877,8.35884981771396
3.79,8.59679948926396,7.92270911571661
3.795,7.44222569605496,8.05538409808421
3.8,8.59447188290203,8.20919910212321
3.805,8.90700879504365,8.42529745752575
3.81,8.2737245097685,8.17718380091577
3.815,9.07589390070798,8.0070180236002
3.82,8.05892466995354,8.10768383002086
3.825,8.16952304177695,8.06978094812674
3.83,7.92350458410504,8.1543827815695
3.835,7.91138583317825,8.17709017248452
3.84,8.32365500358353,8.34295146778981
3.845,8.69096950867682,8.26641580641608
3.85,8.05844518965944,7.9987995394152
3.855,8.87077504549966,8.0669665949812
3.86,8.62457870183348,8.21097254701677
3.865,8.79408758764011,8.43279602411058
3.87,8.11421455280292,8.29157253971296
3.875,8.96440109493241,8.32655466616595
3.88,7.8108703467052,8.19448726395413
3.885,8.2204965377048,8.39722811328632
3.89,7.36343075677664,8.2246640311606
3.895,8.44948770300427,8.01519215178099
3.9,8.26914599152279,8.08165234212496
3.905,7.76154608591011,8.19750651740753
3.91,8.28675447007568,8.01882860807944
3.915,9.33985244865856,7.94746737745084
3.92,9.02009169970993,7.86240745486991
3.925,8.94779666755109,8.17302651208798
3.93,8.30039418012427,8.32095417123496
3.935,8.16564065939258,8.17684819186929
3.94,8.33014542963701,7.84502299565863
3.945,8.19913078572917,8.25237393616975
3.95,8.5423987692323,7.9795650676042
3.955,8.07019838158226,7.99451620370832
3.96,9.11018255857876,8.26322880977827
3.965,8.43808598984498,8.51371539561693
3.97,8.63545846485146,8.08463783160176
3.975,7.98364664138467,7.87962260165555
3.98,7.76422363420729,8.03277375705128
3.985,8.81443817384082,8.00352660550701
3.99,7.90063485102625,8.41115083350886
3.995,7.88648143323967,8.33526347696865
4,7.78380378872382,8.36578430022328
4.005,9.27739495941939,8.14448483107158
4.01,9.6298197399631,8.10924583956885
4.015,7.64241978888669,8.2334494496054
4.02,8.65648039945182,8.32027207805112
4.025,7.91283572830858,8.38506236004559
4.03,9.0658584325383,8.11481991199181
4.035,8.71911062437509,8.12237318813473
4.04,8.02635945858584,8.13327297952109
4.045,8.62288497736452,8.27385335863196
4.05,8.32183640634663,8.22191726177472
4.055,9.24196871147808,7.80148186250764
4.06,8.50401206273875,8.21458994421008
4.065,8.60357383319505,8.13940558285365
4.07,7.49174775784793,8.1533583711741
4.075,8.18855192162155,8.24586498340413
4.08,8.25117870777347,8.15793969953954
4.085,7.44756271399637,8.47395564570492
4.09,8.60436641156992,8.08224367001545
4.095,8.45609255323402,8.13158900871344
4.1,9.08758334681788,8.36956902651399
4.105,9.22876258800953,8.13460752640699
4.11,8.67949352829877,8.43352685099918
4.115,8.33428220448005,7.81190416849123
4.12,8.34078651761591,8.17917031494089
4.125,8.60978902819343,8.04772278024807
4.13,8.30856617966311,8.39794987820113
4.135,8.6260614091965,8.11653527468331
4.14,9.08877245403615,8.03120134751112
4.145,8.43769112850117,8.12755354727508
4.15,9.76482647306031,8.07451997345694
4.155,8.32810883234123,7.8439220391228
4.16,8.02620240677241,7.90078710451463
4.165,8.27130608773035,8.1938203448514
4.17,7.93378758286592,8.22365010778562
4.175,8.81184447959919,8.08751182197241
4.18,8.75074357002649,8.33319867692452
4.185,7.84230838809152,8.00205844528962
4.19,9.56901500136339,8.14528600781973
4.195,8.39451441191481,8.05107339396602
4.2,8.63841097452925,8.20980480759289
4.205,8.31826939010537,7.8565194792556
4.21,8.2469322027629,7.99287521870761
4.215,9.12940128336762,8.15705278276657
4.22,7.80089074530043,8.08495352433645
4.225,8.40793479623381,8.43663783053931
4.23,7.81824785168254,8.20550458978077
4.235,9.00545839969792,8.16375873092089
4.24,8.82059866168088,8.31220469904464
4.245,8.88587612092162,8.40486057974464
4.25,8.3165430349932,7.82142995331771
4.255,8.37078936460528,8.15511611264054
4.26,7.88396910196594,7.91666556853901
4.265,8.06958330924449,8.33749906652564
4.27,8.38160547312388,8.41190613324176
4.275,8.73713053359893,8.18841975752901
4.28,8.51444578838683,8.1154084360828
4.285,8.36064883667848,8.32625428092542
4.29,8.54029388589061,8.10267987101681
4.295,8.65491070497159,8.21205252349516
4.3,8.20108569871926,8.02741950463754
4.305,8.09516150269773,8.05248561542027
4.31,8.27970284789617,7.98957887304976
4.315,8.12984323880445,8.21318190713239
4.32,9.02252021705257,8.138008483166
4.325,8.27779870081404,8.03331096639086
4.33,7.99601748334329,8.00020364161812
4.335,8.3896194167025,8.28919230806878
4.34,8.26596091704333,8.09932335085071
4.345,8.46401413937475,7.98537408887401
4.35,8.29013823628936,8.43496365470577
4.355,9.25434408730779,8.36123089462563
4.36,9.14795320293216,8.01648975863354
4.365,7.84691242338561,8.26969570272087
4.37,8.90763852951351,8.15627053188452
4.375,8.05268521953812,8.34544534322714
4.38,8.12730502033218,8.03443192290294
4.385,8.29369921366687,8.07597616954044
4.39,8.62864148963264,8.26870178235628
4.395,8.62584887038208,8.14050521787046
4.4,8.33322831761047,8.65377925027674
4.405,8.81310163072408,8.31530149089006
4.41,9.13061683998787,8.25295377305439
4.415,8.15499260365266,8.10906109508137
4.42,8.79935056461708,8.19004815116628
4.425,8.33916935071052,8.29901464411496
4.43,8.6770602530041,8.22038900373509
4.435,8.38424380778335,8.30922635429
4.44,8.75851903833626,8.59924680759651
4.445,8.44409319744088,8.31651942608519
4.45,8.75437070056348,8.18360095381574
4.455,9.10816410067708,8.24542366485738
4.46,8.07424681385916,8.20632666115014
4.465,8.77631825434813,8.22341826105244
4.47,9.43497715499933,8.16021808466735
4.475,9.24640357843683,8.2285474351217
4.48,8.71372998766821,8.5518728342107
4.485,8.12061580922595,8.14833652094835
4.49,8.2806796956521,8.18378683153998
4.495,8.39760847097222,8.30093270972467
4.5,8.49003272608516,8.29718444339054
4.505,7.7652910373799,8.28188665819252
4.51,8.50392764874776,8.26863262184825
4.515,8.74057644242783,8.3814223034827
4.52,8.11323581044639,8.23384008849179
4.525,8.28828976548034,8.18522680974444
4.53,8.77891756970734,8.28509611141457
4.535,8.68753032386274,8.13365736775305
4.54,8.8711879892214,8.28596966939192
4.545,8.11389873737447,8.30948013938501
4.55,8.22663109385427,8.28325145940432
4.555,8.44841252341745,7.97172238379569
4.56,8.65290435374429,8.3390807469891
4.565,7.99412014099104,8.2265327063584
4.57,8.53929091671026,8.22357192779034
4.575,8.24374622933564,8.30348070688151
4.58,7.73748571417679,8.34461532174138
4.585,8.63151311856457,8.09718004437985
4.59,8.60969768091185,8.49624742763318
4.595,8.74627009362724,8.30285509417243
4.6,9.18147353017574,7.94109904008318
4.605,7.76854086078949,8.3259100868647
4.61,8.42602538642737,8.01914377683266
4.615,8.05966388250724,8.24436957442096
4.62,8.86226767912132,8.21745094382068
4.625,10.0071657858754,8.20341870940361
4.63,8.59810297093222,7.8623726039165
4.635,8.52152489208793,8.38173535899678
4.64,9.14180282359093,8.06838610353946
4.645,8.5423172825645,8.0473111804514
4.65,7.5582857126897,8.24830661081209
4.655,8.15488990158148,8.15496793484028
4.66,8.49368583296009,8.10141863580973
4.665,8.43022994351483,8.19090010352512
4.67,8.60101386201212,8.21604593862924
4.675,8.62188581409426,8.19659158760524
4.68,8.36662248294187,8.40811836281948
4.685,9.12872119524783,7.92185104600098
4.69,8.26635756300054,8.23789322821159
4.695,8.45170499521388,8.07981057603607
4.7,8.57346673255298,8.26860253195745
4.705,8.57408152359546,8.22264170623447
4.71,9.57909812786497,8.30959318556581
4.715,8.65291537022002,8.2604209613052
4.72,8.65394903587461,8.04181167620993
4.725,7.89744973638588,8.27711200456232
4.73,8.20019201644712,8.17744859021473
4.735,8.16830795016853,8.12117238446955
4.74,7.82648904517833,8.2002203950257
4.745,8.93797735063828,8.35501898333419
4.75,9.16715722604522,8.11549426661344
4.755,8.91086208339136,8.1751204754123
4.76,7.81457351822343,8.26205212661349
4.765,9.11954417933298,8.38816740721041
4.77,8.21793215481991,8.09012053026688
4.775,7.44618314365198,8.08645825396186
4.78,7.7471307179777,8.0706031475019
4.785,8.35803816403483,8.12668596648504
4.79,8.72518413359228,8.44359620261879
4.795,8.2756024530059,8.30862022409568
4.8,8.16579392327355,8.33440341354734
4.805,8.37270419635144,8.43990103761866
4.81,8.96888563440302,8.27904537686034
4.815,8.39786505190598,8.13904116991284
4.82,8.68150766475606,8.20996772343547
4.825,8.2782227388638,8.07231764466157
4.83,8.4115604477505,8.34364118554184
4.835,8.09760005312355,8.25766230884707
4.84,8.61512280642953,8.23112458145887
4.845,8.29231499300439,8.35866879550346
4.85,8.92818281671867,8.14500671232272
4.855,8.71916089770275,8.0879841931494
4.86,9.20941278272446,8.16359724200312
4.865,8.97073238819308,8.2942146784456
4.87,9.74228298272795,8.17773051934536
4.875,8.66971649996973,8.14261985220988
4.88,8.451148714559,8.15613066130422
4.885,9.14145153650363,8.26740856967207
4.89,8.51242613547176,8.08903136055093
4.895,8.71822563026777,8.27360867161984
4.9,8.63432030894693,7.97560798418747
4.905,8.81658313096696,8.26370702870044
4.91,8.92855129291765,8.3821968859826
4.915,8.68993217156868,8.24549628727751
4.92,8.65285512507148,8.41715587024876
4.925,8.3484608939402,8.22698597819767
4.93,8.86843024003553,8.30459720119054
4.935,8.66906518980258,8.26780483965228
4.94,8.86622115201637,8.49812983788984
4.945,9.06727258085718,8.09496435390648
4.95,8.70071329999967,7.99849619119299
4.955,7.97590482816846,8.17035993697153
4.96,9.03381926561375,8.56020935681934
4.965,8.58951505866302,7.96618326196228
4.97,9.10526978831288,8.4309024868366
4.975,8.12694518904824,8.23595648642885
4.98,8.77623599300419,7.98940848088565
4.985,8.38844089254271,8.08472142301945
4.99,8.64048237328212,8.27456675702947
4.995,8.67533540815036,8.10761691990343
5,9.00687256165438,8.20467274415702
5.005,7.49563499606662,8.18926378798562
5.01,8.58968889771078,7.80138172267103
5.015,8.14474187287716,8.27792248561745
5.02,9.28207948990425,8.22303541191005
5.025,8.69890579384471,8.05726884970843
5.03,9.99446146733767,8.08536590192279
5.035,8.84605944745031,8.24607099451206
5.04,8.31414968536465,8.30185817848424
5.045,8.21168962052572,8.37610204253396
5.05,8.03803426364543,8.14962044561499
5.055,7.89957744143926,8.00574752360918
5.06,8.56851047973181,8.19279045066558
5.065,9.09105508119174,8.20980429114702
5.07,8.25560783601536,8.25566057194863
5.075,7.90830655434788,8.42279377316844
5.08,7.93151070034503,8.24090677697699
5.085,8.49014448193071,8.10118697067798
5.09,8.34361695112019,8.01747918201717
5.095,9.55721104881351,8.08256996361812
5.1,7.9878216165875,8.30791915848035
5.105,8.9057924886827,8.27249419408517
5.11,8.29032207191644,8.23042954639411
5.115,8.68226589276073,8.23455569140264
5.12,8.38536959687188,8.16558291631853
5.125,9.04684793844672,8.14735183085357
5.13,9.09184469925258,8.06443157486751
5.135,8.49693681040583,8.07310133638254
5.14,8.5917611331429,8.26483573671918
5.145,8.42351783681633,8.41698309549848
5.15,8.09554838520467,8.10225395538655
5.155,7.81669133935953,8.50390317767023
5.16,8.09408023953359,8.18122985774671
5.165,8.81366477626817,8.10216438542315
5.17,8.28845748595669,8.12195805969914
5.175,8.45864358375061,8.04984802843772
5.18,9.2394006165229,8.20172312448499
5.185,8.14526843966959,7.98390116041046
5.19,8.87934071863025,8.2419294031759
5.195,9.15408161054096,8.03452066159054
5.2,8.71049866730922,8.35585795997931
5.205,7.9199358065478,8.1930857886658
5.21,7.65832352532757,8.10195761433053
5.215,9.13743365569753,7.97245134521573
5.22,8.53132293095307,7.90632789856767
5.225,8.66794328195689,8.04510568234523
5.23,8.75013601095256,8.28974840861583
5.235,8.28718515416103,8.04289915234626
5.24,7.92707381756173,8.04207652264886
5.245,8.4387232653089,8.21593084352632
5.25,8.82828778658196,8.37350387873786
5.255,8.36485404385548,8.1255251042036
5.26,8.95555822981911,8.10978043708027
5.265,7.41240622553805,8.04423261899453
5.27,8.33262297575346,7.83225334377028
5.275,8.96807665024955,8.05644098298728
5.28,8.45302735306842,8.57240672216729
5.285,9.44218252846014,8.37530824763761
5.29,7.84827929208931,8.07065053946328
5.295,8.82928398729258,8.14600773794959
5.3,8.16224556827652,8.11201427652935
5.305,8.85074997032492,8.07340564680118
5.31,9.59519403218882,8.03054022016181
5.315,8.39804286009362,8.19529350429572
5.32,9.56626152273668,8.15540182452865
5.325,9.3891603994248,7.92280252189936
5.33,9.30237361436248,7.91075718030387
5.335,9.29044621335365,8.6155726210232
5.34,8.1982746555204,8.09764930977886
5.345,8.75915431150452,8.06443630262906
5.35,8.90797003246999,8.35109809459481
5.355,9.05083726950637,8.41259025137964
5.36,9.48568381646531,7.92557820257661
5.365,8.46437950628509,8.02067852000369
5.37,8.98407668905541,8.1186334339644
5.375,9.04980030872199,8.37351752311909
5.38,9.50050409071884,7.83123634994105
5.385,8.23164712404401,8.24508161113073
5.39,9.63213451846814,7.97220751237207
5.395,7.76932557824541,8.18043729695936
5.4,8.68002128828015,8.37583026991472
5.405,8.88495132496673,8.06156127545878
5.41,8.48040767370997,8.01792014935246
5.415,8.54372688234656,8.17150010970498
5.42,8.4833953498984,8.0027067609844
5.425,8.65122386873411,8.37833400015874
5.43,8.43663671468689,8.19097093335325
5.435,8.73100134930822,8.09629593133605
5.44,9.1421824740751,8.11021417460885
5.445,8.51157213200605,8.19849424583829
5.45,8.38811538205885,8.32475278657888
5.455,8.11809275842092,8.27440151365378
5.46,9.34358233676068,7.9695541530147
5.465,9.81184939923905,8.1346407989847
5.47,8.8033599361992,8.17905943508588
5.475,8.66406458041876,8.26052733667917
5.48,9.04931157634713,8.30646227562334
5.485,8.64126101599681,8.08418363561838
5.49,9.78773692279613,8.19076057974806
5.495,8.77318237897113,8.25007859909243
5.5,9.03670371341564,8.32101510844931
5.505,8.64275683274911,8.28298009515545
5.51,8.76788468282023,8.32235012288029
5.515,9.25563953820037,8.14495712203123
5.52,9.75856116442975,8.16917771486963
5.525,8.38643897488836,8.26768643326423
5.53,9.08425035760494,8.14061625131641
5.535,8.97821247008976,8.03823221900026
5.54,9.47345610405277,8.04978469444873
5.545,8.9121538369823,8.13988886443768
5.55,8.83657804994915,8.10882617925673
5.555,9.22975148003235,7.89428701664662
5.56,8.91808664497087,8.01886906521785
5.565,8.21661088988275,8.22954940930467
5.57,8.73064398143058,8.30354090478003
5.575,9.08600900615632,7.82857049300264
5.58,8.67840033728987,8.36649663996108
5.585,9.03838973782635,8.34333001182046
5.59,8.77733294029686,8.10532712110414
5.595,10.3271343351748,8.34201148159917
5.6,8.65627266320192,8.09316636656468
5.605,10.1509887701393,8.24841576625441
5.61,9.41591671425198,8.22271216966887
5.615,9.47604256492342,8.43152138471668
5.62,10.4330250782908,8.04335055921783
5.625,9.32741534750605,8.2598287792107
5.63,9.51582547582178,7.73261376818117
5.635,11.2239246140855,8.14777412560479
5.64,9.74484156335498,8.29198868533571
5.645,10.3029237477929,8.2931599961143
5.65,10.0353401225385,7.92907071200228
5.655,15.1814518904521,8.30672097491938
5.66,20.7066284305566,8.05656202833364
5.665,13.5943840726974,8.11747975941461
5.67,11.2231489781173,8.15177262141278
5.675,10.6874567876239,8.01757305048482
5.68,10.2173968426108,8.1940473787243
5.685,10.1806839397391,8.4704613458111
5.69,9.16319315579983,8.00260369392123
5.695,10.3796203168272,8.10595206410109
5.7,10.5002332727407,8.16622177287419
5.705,9.68179737578077,8.34050457762936
5.71,8.85565717382834,7.95784243592919
5.715,9.82296435599017,8.45575039046439
5.72,9.37230788046653,8.28279953711842
5.725,9.91904013590291,8.27034144227692
5.73,9.09307992180603,8.10980116825636
5.735,10.1615749290494,8.03481452542568
5.74,10.2874434005504,8.14810310123896
5.745,11.9616947213403,8.0074513703503
5.75,9.73681290266463,8.15580479861359
5.755,8.93199628911321,7.98758444244683
5.76,10.5118619050674,8.05504139835584
5.765,9.76687004340496,8.23227738488318
5.77,14.5568402212167,8.01243611891102
5.775,10.3028052609636,8.07316324037445
5.78,10.1968221704091,8.02239085639338
5.785,10.9016558753644,8.42953820720313
5.79,10.006475673515,8.22102326697635
5.795,10.6989291457336,8.40177529808054
5.8,10.3137545364579,8.20314928489984
5.805,9.9615743824549,8.1918961762821
5.81,10.1426754047575,8.19212550263609
5.815,10.3388800718545,8.27309618961124
5.82,10.2008262034576,8.07832329866244
5.825,8.85243620491123,8.21951791809844
5.83,8.39057045235524,8.31243672832703
5.835,9.88928826819975,8.12980770416282
5.84,9.63541409663182,8.18497662678342
5.845,9.11875954071039,7.91244858873259
5.85,10.8855532451506,7.96593859241737
5.855,10.6509372721974,8.0234845014717
5.86,10.5416512522817,8.02806062756471
5.865,10.6129126992631,8.30992776153053
5.87,10.2938813263669,8.10592934713715
5.875,9.83709867130766,7.92464021723685
5.88,11.7520713876168,8.34271021975164
5.885,10.3421673581422,7.97772185924652
5.89,11.9275542877706,8.11291798883172
5.895,10.0821435901658,8.0740940211302
5.9,9.53294251014559,8.09968816631824
5.905,9.80482504024158,8.07115422861398
5.91,8.95579999331167,8.02136574313625
5.915,9.30096029632401,8.04697873100765
5.92,8.66276122798705,8.3164008601941
5.925,8.90180327927461,8.13680813341829
5.93,9.74455110076607,8.4580696678674
5.935,11.7480161315156,7.91457538832719
5.94,13.6366682964058,8.51569404194248
5.945,9.73890795810673,8.21482344616261
5.95,9.7686585889854,7.97485528917176
5.955,10.6314045351758,8.18971318982731
5.96,10.3682394042914,8.36396285210544
5.965,9.55303541891525,8.03307676295362
5.97,10.281094244518,7.88747184865999
5.975,12.4362692878099,8.05234283254012
5.98,9.39106349572008,8.19397393761689
5.985,10.8360080367887,8.23803221394592
5.99,9.49282234101891,8.11258236053662
5.995,18.9954784614742,8.04002602884884
6,11.3414828488197,7.98964592122957
6.005,13.7501525036931,8.11566053984439
6.01,12.5188834517714,7.69888831464966
6.015,-0.337768553205068,8.40845109586785
6.02,2.72326787785077,7.94041464434246
6.025,4.34218066448524,8.36481439483679
6.03,5.54113703691944,8.23569289177546
6.035,7.38898409769549,8.0089735078835
6.04,7.54193980355916,8.25090492735918
6.045,7.30548908797049,8.25881391672633
6.05,7.02197785704548,8.49395256881384
6.055,6.48524636833713,8.31184055241289
6.06,8.54599969773474,8.08618848215153
6.065,7.62391069281455,8.16312459328624
6.07,8.39151540375868,8.43191494798651
6.075,8.04748864972797,8.15020510532294
6.08,7.55928766018787,8.19529940484516
6.085,6.93628152805766,8.14361916590638
6.09,8.3157330078332,8.5032580100715
6.095,8.17809322474137,7.76925418706685
6.1,7.73190987063328,7.9462463161249
6.105,8.00131632215561,8.11694183976012
6.11,7.71938708546585,8.15697131274938
6.115,8.13380427682165,8.34992911774753
6.12,8.08117237622297,8.08839940407942
6.125,9.06530161061625,8.33380917332889
6.13,8.70034181485948,7.79203703049589
6.135,8.28174316637507,8.25997853360523
6.14,7.94957926386024,8.08444512701618
6.145,7.59242420169861,8.30678163156425
6.15,8.62114646598391,7.77208413599816
6.155,7.90177425207964,8.00714165912535
6.16,7.70269190084708,8.18245034247209
6.165,8.27603275501042,8.27457057425806
6.17,8.0058037793253,8.20041077370165
6.175,7.50906817348202,8.05176981783228
6.18,8.39397957235583,8.1088235179743
6.185,7.20753692486616,8.13106868198755
6.19,7.53284390464819,8.00979681093172
6.195,8.26221346838105,8.04261401676595
6.2,7.97643834454789,7.95708489328921
6.205,7.9322826793245,8.0977442904375
6.21,7.46143309825435,8.27044665823377
6.215,7.85335871687092,8.10246842697624
6.22,7.18060905706114,7.95430303485124
6.225,7.99223175797033,8.02604224891328
6.23,8.89002507683783,7.74638980855416
6.235,8.49271449897697,8.24868005278537
6.24,8.40887551768371,7.71725676570632
6.245,8.19804339671697,7.90029415211405
6.25,8.57871840802507,8.09801782229108
6.255,8.38791300073165,7.83212813820082
6.26,8.04781915557649,7.91521800837828
6.265,8.01456613749811,8.28803063548533
6.27,7.89548452220062,8.09534293370721
6.275,7.97727973783422,8.15530870903966
6.28,7.87772249641262,7.96484832331741
6.285,8.48605645021038,8.22761662416782
6.29,8.32326933670351,8.00098215974078
6.295,8.41913060874998,8.32059898069088
6.3,9.07531400794534,7.9183627728062
6.305,7.63501263400797,7.98219086053436
6.31,7.54694566147991,8.07593966711841
6.315,7.78115114621637,7.81508254442775
6.32,8.33200447530075,7.83300494607315
6.325,7.1461156264929,7.90631946833632
6.33,7.04520928350398,8.26499553763202
6.335,7.98344530253857,8.04251050109918
6.34,7.9771025735995,8.19240724695588
6.345,9.12707997735276,8.36119708646386
6.35,7.4166404391108,7.93495860833964
6.355,8.07089294392769,8.26755189614039
6.36,8.27040641219646,8.10205786778294
6.365,8.13607323773244,8.00955132965536
6.37,8.23099266339226,8.27567585157681
6.375,7.40758128186618,7.84383927197594
6.38,8.55189744150258,8.07719769027838
6.385,8.79866242978548,8.34507324559639
6.39,7.37827692478205,8.14749208161775
6.395,7.29370331205497,8.00641392732558
6.4,8.53155286917675,8.0557185409276
6.405,7.66123884835316,8.33867388484607
6.41,7.78632021451062,8.3089881410526
6.415,9.11525383787895,8.33122230990612
6.42,7.64284093531796,8.24791251899702
6.425,7.62035738273657,8.41472855424129
6.43,7.31894716771287,8.00555419782367
6.435,8.21984925627013,7.99199770140034
6.44,8.25763510056377,7.9122629420827
6.445,8.50059502145973,8.20070452245347
6.45,8.082231574204,8.16533492578283
6.455,8.07130374114848,8.25473675198507
6.46,8.1300300548018,8.04660725136199
6.465,8.00789349385282,8.33796626818115
6.47,8.81155943582789,8.14524573402835
6.475,8.12792611760381,8.20592187459749
6.48,7.55666785720573,7.95320497295379
6.485,8.59030710839562,7.94561920758917
6.49,9.35191086577697,8.27348179791571
6.495,8.07435334945178,8.16787061547358
6.5,7.93913678763503,7.91084607251774
6.505,8.95505699323392,7.82124896683254
6.51,8.26635537409899,8.22061637658382
6.515,8.1468435894013,8.11119678571087
6.52,8.1833985268097,8.10869341937477
6.525,8.1944717114086,8.2109642182578
6.53,7.59025457816138,8.19570794345624
6.535,8.80579904078375,7.81341701261679
6.54,8.13253964969633,8.03441524772188
6.545,7.88436468223149,7.99058729784123
6.55,8.83474034071077,8.12122611006236
6.555,9.21109579484835,8.09539302653119
6.56,8.07622187012935,8.2766518127208
6.565,8.03838213021591,8.18324055804045
6.57,7.97888969630879,8.21148716326695
6.575,8.28570549503852,8.14373973975014
6.58,7.44521145157144,7.97713023681358
6.585,7.99395432811883,8.10639331523232
6.59,7.99873004740011,8.14884397364505
6.595,7.675485041783,8.14157184504255
6.6,8.65697434455435,8.19126893381615
6.605,8.64085261531949,8.12535811268901
6.61,6.84319562260181,7.82130368033108
6.615,7.27110702363229,8.30935326796134
6.62,8.20390298090212,8.23729503044389
6.625,8.01651636919801,8.12660499290589
6.63,7.91272842698427,8.08399327674335
6.635,7.11802866431103,8.12014158206666
6.64,8.55041745828053,8.1019004752845
6.645,8.82045186916256,7.98854331418858
6.65,8.09524929353326,8.03494037268796
6.655,7.63165536774223,7.8014283044329
6.66,8.4058062848899,7.99069489096981
6.665,8.20873857556247,7.93726588712799
6.67,8.0112190764272,8.0803599239448
6.675,7.4770024112014,8.04447746082954
6.68,8.4795594383001,8.26409074171262
6.685,8.48802043039963,8.29604988064511
6.69,7.96865087747973,8.04504807299039
6.695,7.65942746905522,8.00975969175517
6.7,8.94479332317789,7.96391217144059
6.705,8.44622129366495,8.11671791957637
6.71,9.1228939220626,8.02337025808711
6.715,7.87512053615873,8.27895173175044
6.72,8.23635449992101,7.92088707757129
6.725,8.92421399122136,7.93089434392591
6.73,9.1325653989499,7.89622759690307
6.735,8.38136194423322,7.99145042276402
6.74,8.32083176690186,7.77861740372875
6.745,8.36292204625947,8.12818006699139
6.75,7.79639799157143,7.83127320270921
6.755,8.11718934133733,7.97710813037864
6.76,7.96896831473755,7.79401634977007
6.765,8.3339916223154,7.96947437519237
6.77,7.97676210434879,7.73904036084315
6.775,7.59896075007019,7.71998219885481
6.78,8.54177371899747,7.7922054521574
6.785,7.61716200936588,7.72298531885028
6.79,8.0088957853598,8.14451395184947
6.795,8.10583027999787,7.90382221077684
6.8,7.8159641677079,7.76468447621902
6.805,7.69885698223124,7.89023732818295
6.81,7.62706418295035,8.11979843347826
6.815,7.95187396418766,8.09513151438142
6.82,7.44634649153715,7.90227270315836
6.825,9.11702712925132,7.96010950753318
6.83,7.99724314082135,7.64272329417126
6.835,8.43327900213092,7.76302778447014
6.84,8.14205563033534,7.7700113186227
6.845,7.91929771669923,7.72590533805384
6.85,8.85878858136194,7.61237449213446
6.855,7.74192190032902,7.85389484441127
6.86,7.68498413221959,8.06127122185749
6.865,8.97708712854817,8.0820666961692
6.87,8.20481789440025,7.91111954115522
6.875,8.58926635483709,8.03185997346484
6.88,8.89944214289206,7.8624539091888
6.885,7.91763502968453,7.80378230743876
6.89,8.25826462501029,8.00507812102373
6.895,8.69228251785827,8.19527707775837
6.9,7.61768339915107,7.96920324343315
6.905,7.96039146563103,7.77853557245619
6.91,7.95241658234957,7.3758511160158
6.915,8.3080664913717,7.5148535871536
6.92,7.08897602321941,7.87268059281859
6.925,8.81874657491314,7.62035361037843
6.93,8.51066296787666,7.51239381517507
6.935,8.84077526867746,7.73983601536187
6.94,7.94737152850145,7.83201765356515
6.945,8.48543914897167,7.68600116582892
6.95,8.75933639552959,7.39352932747365
6.955,8.03666283648454,7.51224654724912
6.96,8.32784467385161,7.93664031472259
6.965,7.71538722672116,7.66151210281602
6.97,8.36722240944462,7.46079695605973
6.975,7.91381636006359,7.64300827354782
6.98,8.14170397422927,7.23924860193048
6.985,8.28725435342922,7.43712597185881
6.99,7.94341272646401,7.14705217806935
6.995,7.97223982883726,7.78606609574398
7,8.51382325139969,7.5636128486112
7.005,7.86420524898792,7.65464876155255
7.01,8.08660612333559,7.30684526481767
7.015,8.01489211934155,7.18441485910628
7.02,7.81109947511873,7.28355002823558
7.025,7.90618597015537,7.11668771510037
7.03,7.16929312412469,7.17072936060874
7.035,8.19411688932421,6.77019825161547
7.04,8.54084364484059,6.81167026844603
7.045,9.03318733798205,6.54265256700856
7.05,8.29866688911758,6.3078365667162
7.055,7.92597508111566,6.05034404275121
7.06,8.29837553345593,6.82855459989216
7.065,9.052302951543,6.44227161153004
7.07,8.50249290039605,5.74472684969725
7.075,8.56567756445495,6.60477251592301
7.08,8.57926801592018,6.63417209944051
7.085,8.25324255431655,7.22695967612371
7.09,8.60030885962813,6.37739330947925
7.095,8.09440202784507,5.97188667180916
7.1,8.27518708965941,5.5667842169484
7.105,9.02955200904857,5.10238350443135
7.11,8.54258897469333,5.76383544966044
7.115,7.77364810514515,6.13391594802335
7.12,7.5021373626213,4.8920071359689
7.125,7.71031622173278,5.99915796271637
7.13,7.72964186045815,6.48669042246396
7.135,8.16735033973499,7.04084519110877
7.14,7.70014137654109,7.10729821090513
7.145,7.82275461954589,7.21790810893489
7.15,8.33297043022828,6.99482694660638
7.155,8.4811475869246,7.34412743982964
7.16,7.36956445602661,7.40536867012515
7.165,8.48123724853761,7.16944898023645
7.17,8.04114523880499,7.02802663196589
7.175,8.29126748817595,7.28453932468273
7.18,8.11913120762699,7.58537052434639
7.185,8.36692862681958,7.4007612199292
7.19,8.6378801987249,7.07203551454858
7.195,8.14993581868277,7.27244692973451
7.2,8.03831269808776,7.18097240170764
7.205,8.28827920930241,7.11721969774604
7.21,8.00986563178154,6.9502730073163
7.215,8.64076293320181,7.07862302614401
7.22,7.70844138796537,7.30890749108448
7.225,7.79945130625186,7.6013232788863
7.23,8.77537163218291,7.50321680239637
7.235,8.49515925754129,7.18933221558571
7.24,8.42806336798425,7.72265008997599
7.245,8.49674977940858,7.46035371390751
7.25,8.03044580295937,7.76316399662323
7.255,8.83494228896715,7.63163502248009
7.26,8.14382732271659,7.20526397632973
7.265,7.71098978619962,7.51907436338548
7.27,8.16329359251649,7.32558542098423
7.275,8.04332957072764,7.15890873860427
7.28,7.60952159089986,7.56040367244272
7.285,8.68299530004538,7.5514929706288
7.29,8.0268701571918,7.67721961731212
7.295,7.40118642882307,7.76612377056809
7.3,8.44676031569218,7.45982115684809
7.305,8.30506844200394,7.63569628947612
7.31,8.08821986260052,7.54653106654813
7.315,8.43194451368333,7.5208788203474
7.32,8.03751745063706,7.45496139391328
7.325,7.94495473110017,7.59087951739889
7.33,7.90841522131547,7.67086262501171
7.335,7.39804794583014,7.56843588731751
7.34,8.27823254800561,7.79387204215194
7.345,8.71859945145371,7.62052386080451
7.35,8.23086457909299,7.36479358844776
7.355,8.64905763578726,7.07549444088934
7.36,9.31389547635657,7.53562177818925
7.365,7.48865483658312,7.27246467552972
7.37,8.49903814373018,7.30435412381737
7.375,8.75794985219019,7.12787083647715
7.38,8.49994238949864,6.75372022267149
7.385,8.14077044051139,7.02801064492949
7.39,7.44843471316955,7.40103634275115
7.395,7.83388141857353,7.25382514699285
7.4,7.86388448589328,7.46590826503892
7.405,7.87086132273808,7.12403939953263
7.41,7.8861739025463,7.49341468567958
7.415,7.54399157643163,6.77970443467407
7.42,7.95775097112618,7.45323372595889
7.425,8.16362997925122,7.11193006757863
7.43,7.7319667806391,6.9831228341809
7.435,9.1883459280639,7.03826988339662
7.44,8.86154864471416,6.91713642704073
7.445,8.00771417906407,7.00710087431047
7.45,8.7430774840563,6.86614937736435
7.455,7.71053887540936,6.80988360042061
7.46,7.29856432799515,6.30455128698963
7.465,8.54179212379128,7.01692700146341
7.47,8.2125225444476,6.72473342262929
7.475,8.45256871225272,6.88661160199158
7.48,8.87559671533959,6.77075777070745
7.485,7.94530658293389,6.4668765413986
7.49,8.15957230354535,6.4740754861537
7.495,8.16085741873678,6.3514263618643
7.5,8.43751620858681,6.62200042427062
7.505,8.96875937740027,6.58489709793354
7.51,8.42422129701381,6.89990222751902
7.515,7.90658046552768,6.72959131830601
7.52,8.99625230413131,5.80901492576739
7.525,7.77743693263379,5.21998037578483
7.53,8.87559612685362,1.37787626874323
7.535,8.37942942700003,-2.81827744341577
7.54,7.59225220209415,-2.05361407626097
7.545,8.43826649836212,24.9655623432317
7.55,8.39497506196929,18.7874963345286
7.555,7.58932811354459,-77.3578542448316
7.56,7.77255461195189,13.3678337556301
7.565,7.34179704328565,11.4644451502938
7.57,7.80679973063094,10.9036285125851
7.575,8.36217927036211,10.4420961166379
7.58,7.51595585558268,10.0436028670542
7.585,8.14126342817489,9.96629198003421
7.59,8.39820290287313,9.3227788030058
7.595,8.16091767341981,9.61583481028564
7.6,8.55163515212235,9.39682466926316
7.605,7.68084027016437,9.41611484780853
7.61,7.47748782938585,9.19643167486646
7.615,8.96315540242795,9.48154772767826
7.62,8.51785493741219,9.34818672646537
7.625,8.23818594796669,9.46352711539013
7.63,9.36433594142135,9.09821223003903
7.635,8.03035055619652,9.39782623109822
7.64,8.48647094659272,9.07475014578194
7.645,8.55648473208701,9.08971707907886
7.65,8.91497506947712,9.240025914207
7.655,8.06476219722936,9.02366477965862
7.66,8.29814076280363,9.00814947069315
7.665,7.78312906424592,9.01758190905125
7.67,7.82332814792088,8.84242123240563
7.675,8.67415847660493,8.63109391357897
7.68,8.64416226795641,9.03510906192715
7.685,8.06355616890004,9.14996712774812
7.69,7.68129398428061,8.86156404432751
7.695,8.38389526402798,8.96285544730644
7.7,8.2927336524869,9.00439567843182
7.705,8.11845366822063,8.6409587846932
7.71,8.38074843362696,8.88757430030565
7.715,8.53630720290997,8.75045668608685
7.72,8.56991399441173,8.69834801286677
7.725,8.25993237875949,8.58863361040104
7.73,8.09886319502531,8.65858020595912
7.735,9.45237923138653,8.64729208404378
7.74,7.69139518761877,8.60445808259484
7.745,8.18514211052468,8.8889759923926
7.75,8.55813273153226,8.77694319620744
7.755,7.78069115006356,9.03467501014559
7.76,8.23081125424927,8.58499972189937
7.765,8.07329522219144,8.56974133955395
7.77,8.57524789267343,8.57745259564454
7.775,8.56469321553098,8.83904693194492
7.78,7.46398038765633,8.56606985061281
7.785,8.22799461777295,8.83271070635533
7.79,8.25523185784796,8.82221053283024
7.795,7.73594247390496,8.58629457963404
7.8,8.79785878858609,8.65532282917876
7.805,7.99465273437948,8.53536899633013
7.81,8.78105737984993,8.65676692279258
7.815,7.75633859587567,8.75211831032134
7.82,7.87560398585916,8.74022578826463
7.825,7.90607834626208,8.40786196448754
7.83,8.18991879027393,8.59914681004514
7.835,9.32764350504756,8.55399270080942
7.84,8.74108560278286,8.59612573449582
7.845,8.31059266617551,8.37586212808108
7.85,8.13520304522977,8.31763182068356
7.855,8.72650069718234,8.6723364977622
7.86,8.16382964360388,8.64050443802827
7.865,7.5859683470462,8.64772990521277
7.87,7.02092836114717,8.64681723937035
7.875,8.29476995761126,8.45760672687606
7.88,7.87024308458985,8.60468168095733
7.885,7.69414313028175,8.69452017016591
7.89,8.01112131997943,8.80994277127872
7.895,8.51332309849682,8.59390918270133
7.9,8.00695415489985,8.52702028892258
7.905,7.72699609364482,8.47182395727203
7.91,8.60532571902564,8.52679558278549
7.915,8.97584315041308,8.59302652161223
7.92,8.57835458944552,8.66407809140361
7.925,8.11913888461525,8.74509171342272
7.93,8.73002948413868,8.61892377343452
7.935,8.04920696802441,8.43733318027904
7.94,6.85783300293331,8.70929344600238
7.945,7.35055485055116,8.79166169266892
7.95,7.40391152466076,8.35753912208251
7.955,8.35891283004601,8.5788705179912
7.96,8.57244675830482,8.71351620519819
7.965,8.34430159713913,8.76923148224982
7.97,8.84300488319339,8.6867861881719
7.975,9.0845356629793,8.47304015247859
7.98,8.00327840528559,8.55693017809793
7.985,8.1810673545219,8.55548877604067
7.99,8.14110273287969,8.43921589268057
7.995,8.44584016666253,8.80179843649685
8,8.18445004231554,8.69092022546946
8.005,8.63783940889933,8.64745479984044
8.01,7.8076358556812,8.37244000489648
8.015,7.63912419896564,8.37535456931683
8.02,8.2286719425926,8.45062663493891
8.025,9.26050100424623,8.68815179915338
8.03,8.4387187894438,8.69401830726876
8.035,9.20919854150293,8.70196463499158
8.04,8.40513919381605,8.63318862324632
8.045,8.44659583554161,8.66602380070011
8.05,8.61057886756707,8.76696878626211
8.055,8.77796410346262,8.52021449569099
8.06,7.88149538797232,8.54596859410344
8.065,8.38542348150693,8.70275566299457
8.07,8.18865247952864,8.77396142673299
8.075,9.04532006093245,8.51328265391951
8.08,8.34509073922901,8.47429965005714
8.085,7.65131045820435,8.42806199184278
8.09,7.51955924200884,8.39004124455981
8.095,8.50893188130504,8.78165644620495
8.1,8.017853390406,8.79944170513619
8.105,8.57190205629092,8.41636468447706
8.11,9.05467890068917,8.54450607580575
8.115,8.66975849541788,8.66228994119783
8.12,7.57110864525207,8.55596204976284
8.125,8.24197135208916,8.74558533454554
8.13,8.89564930503395,8.49145306653072
8.135,8.56206094223558,8.56249703027575
8.14,8.45047102780401,8.64002812950001
8.145,8.46430238367923,8.46500320946596
8.15,8.6154295737104,8.52700683414793
8.155,8.81893579097363,8.63450613060352
8.16,7.9490032457178,8.38342259535282
8.165,8.1812124724038,8.68723949984007
8.17,7.23228581495035,8.50905428119328
8.175,7.49582028883961,8.61517836209685
8.18,8.34664990133419,8.41400662158449
8.185,7.47731169843016,8.33618060714579
8.19,8.17162314532478,8.5116673186677
8.195,8.48467684508439,8.85646014183891
8.2,8.78292236667649,8.5383490804465
8.205,8.17656458967589,8.4532887610418
8.21,7.94847702645348,8.19475678679182
8.215,7.32413151965534,8.45218281224
8.22,7.38779005198763,8.46628345467021
8.225,7.97014927453845,8.6159798359211
8.23,8.0289257989034,8.91974324437474
8.235,8.42749925060444,8.56114929398177
8.24,8.52444366668192,8.41795608834616
8.245,8.73951078312579,8.72737809248366
8.25,8.69784813440643,8.3298422542271
8.255,8.88281737191785,8.35858092869316
8.26,7.97015421004641,8.77461410049529
8.265,8.23669156260744,8.61526517056912
8.27,7.67755768815733,8.60765000080122
8.275,8.74850188117885,8.70354953552568
8.28,8.58153559874119,8.73595272885509
8.285,7.98459905947876,8.49286991688107
8.29,8.45337368521722,8.5936251074388
8.295,8.15289483619694,8.80975923133555
8.3,8.42050292991859,8.69287198348574
8.305,9.09632086329814,8.33869879256463
8.31,8.46836282349415,8.75068962540127
8.315,8.13448297574816,8.53962673493271
8.32,8.62927483205564,8.28619861529067
8.325,8.01664534892716,8.59989919073742
8.33,9.33036142453141,8.49077658673744
8.335,7.91539263460821,8.71043137018617
8.34,8.13275950941898,8.46118462648296
8.345,7.73156564359425,8.20669691593533
8.35,8.78540123586656,8.47440689531092
8.355,8.94146182677285,8.52524810690368
8.36,7.71355522546513,8.44069828622285
8.365,7.97836856664369,8.53359676436467
8.37,9.2743011118855,8.17373774838408
8.375,8.25824477442987,8.477598920648
8.38,8.65947528043459,8.69730002360436
8.385,8.24155273658635,8.71418583445568
8.39,8.32882504999632,8.20885501984543
8.395,8.28251849354737,8.39418305622428
8.4,8.35377086993893,8.30735307395963
8.405,8.84912858946799,8.58879580065027
8.41,8.63557097265521,8.46854944752903
8.415,8.1928237902106,8.57121489304619
8.42,8.32887168785031,8.69231290107836
8.425,8.54571448678694,8.73799832862286
8.43,8.2942990607601,8.3765333374734
8.435,7.88813979152704,8.40727870931059
8.44,8.16056240483334,8.44131428254478
8.445,7.56755993163473,8.5204203524486
8.45,8.52056365080758,8.33639985073804
8.455,8.03456969839537,8.20584601566703
8.46,8.10504951630205,8.4261036269714
8.465,8.79961978352968,8.46192130726405
8.47,9.05849685559592,8.43459389454176
8.475,8.73822240867291,8.26441674939719
8.48,8.24778679864733,8.34546811950473
8.485,8.19618158426936,8.42777514224843
8.49,8.63913535741923,8.54664287100347
8.495,7.52281383815623,8.40452127791388
8.5,8.70887421518484,8.63931588628543
8.505,8.65187156901003,8.43886027641167
8.51,7.15478331407208,8.40944411683257
8.515,8.64836281382909,8.58376840393258
8.52,8.48704403988389,8.54391575200694
8.525,7.91209563144026,8.54806132757428
8.53,8.66995495974879,8.67447144377746
8.535,8.28327457837446,8.5875668089769
8.54,8.19642463978649,8.55415509617745
8.545,8.65501750508269,8.57454160356456
8.55,7.65304899251458,8.25270680734084
8.555,7.92391060988661,8.49968430306028
8.56,8.29724855607463,8.5805280025949
8.565,8.11407638310501,8.52806432951771
8.57,8.20204932298783,8.59383857739143
8.575,7.72910942769536,8.22618864888566
8.58,8.79407781116792,8.38505883400163
8.585,8.50958677402557,8.5733760125148
8.59,8.35842514541353,8.52790869449023
8.595,7.50287314584573,8.31704764481425
8.6,9.27997294728681,8.53454740744108
8.605,8.16661896211444,8.27603761693197
8.61,8.18736423148849,8.38723562170941
8.615,7.73743449114853,8.63151217691751
8.62,9.07654018464434,8.62229530432936
8.625,8.3294309520309,8.50406627376403
8.63,8.10077383945998,8.17238645339155
8.635,8.86570370949,8.60478359088617
8.64,8.53002948106907,8.46692535917028
8.645,8.66071784959322,8.57905878456664
8.65,8.12225157119972,8.11926589763569
8.655,8.61917926309329,8.44833244037657
8.66,8.62286911363002,8.40722746427334
8.665,8.3214565324708,8.68338737463061
8.67,8.55521910762211,8.49498327784418
8.675,8.22686362702432,8.35998553409535
8.68,8.2561524907845,8.44898733900683
8.685,7.63680904616031,8.60092366047182
8.69,7.83210044707049,8.63185452664807
8.695,7.83810835366268,8.34812345916737
8.7,9.21761798067098,8.82662352939916
8.705,8.90267728444351,8.50446134389921
8.71,8.19852528015831,8.41479388188773
8.715,7.97998451465856,8.59748245488378
8.72,8.61739269266305,8.37323728635936
8.725,7.69491523987529,8.35069381055181
8.73,8.78197080129403,8.54893501632747
8.735,8.43079699548237,8.3936116869104
8.74,8.13666168878078,8.28923274187214
8.745,9.24551803429248,8.44937406095544
8.75,8.79098298221566,8.26187581644461
8.755,7.72493136346561,8.41030403434191
8.76,7.0065798957812,8.5152060219601
8.765,7.56741483155391,8.28474386722954
8.77,8.52759599339991,8.34586244798301
8.775,8.0450934159356,8.4431674267953
8.78,8.29657256184499,8.50887057705963
8.785,7.96844910709,8.23563900310492
8.79,8.03278919807521,8.39194656561282
8.795,8.13668014891459,8.27669188543026
8.8,8.18754181946988,8.34057495307892
8.805,7.91639918935136,8.2396943060799
8.81,8.23426694320569,8.20736998867588
8.815,7.99990287588786,8.43838320593883
8.82,7.88331828974069,8.48439826163941
8.825,8.59741025013271,8.05351431739137
8.83,7.9447449682996,8.44998284386458
8.835,7.94954547012238,8.46573296295668
8.84,9.2807133229691,8.67545365085398
8.845,8.55230117898465,8.55571964821105
8.85,8.24171666144409,8.48584483414474
8.855,8.09777873949529,8.32005073902003
8.86,9.08784677563521,8.63749214950782
8.865,7.89534326664131,8.2966271920704
8.87,8.83176631494453,8.4117730233386
8.875,8.17027930875883,8.36422951638841
8.88,7.20646782334218,8.30645683364426
8.885,8.70090641471363,8.43612431416701
8.89,8.42737433299739,8.50561840374477
8.895,7.6777404475927,8.49775801455425
8.9,8.40084577594996,8.3412940984389
8.905,9.36044909828421,8.27780556234334
8.91,9.15128598266332,8.44465535085411
8.915,9.00798673295368,8.43777791557465
8.92,8.8851623261917,8.64280384069468
8.925,8.86857470496604,8.33336126596947
8.93,8.75923190310356,8.39992251039066
8.935,8.1464865935608,8.64384243081762
8.94,8.62952751124448,8.38405267887932
8.945,8.37508791366204,8.24297001450531
8.95,7.86286496975647,8.37888608731929
8.955,8.3602334874307,8.11706061399977
8.96,8.71193248392863,8.26975849182733
8.965,8.15472665258601,8.31659872714406
8.97,8.957684756545,8.16668872345597
8.975,7.64914186924756,8.63657810159153
8.98,7.91705002751517,8.24990807030869
8.985,7.94928980955248,8.17729213189702
8.99,8.73570195510652,8.52905404702052
8.995,8.30192366955452,8.35650788880674
9,7.92943956279526,8.39721204884824
9.005,8.32517349960042,8.59239011713842
9.01,8.09414522449331,8.18126343342215
9.015,7.77908882511156,8.42227227516708
9.02,7.41209798308963,8.41826967589773
9.025,7.96277313362519,8.50296025963786
9.03,8.39993279190746,8.50885013358417
9.035,8.2102138844113,8.62065145915947
9.04,6.87961422505163,8.44142281046604
9.045,8.801026561334,8.09387217289786
9.05,8.1696243368857,8.48127566831187
9.055,8.63105016565006,8.37940314073862
9.06,8.39760920556946,8.14351392686213
9.065,8.25032446185415,8.25392290031801
9.07,8.3683391706931,8.32535567491714
9.075,8.47433759878257,8.16238526515635
9.08,9.13986582810983,8.36541277325448
9.085,8.51806618626406,8.20778942836806
9.09,8.6617204139692,8.4626634579233
9.095,7.88062903657175,8.4368816434253
9.1,8.23318874547061,8.65139196217542
9.105,8.80930364921308,8.42859566001475
9.11,8.65198371882859,8.45311039501951
9.115,8.38891993161633,8.3518661628429
9.12,8.50097974786832,8.4129435651157
9.125,7.97222554398597,8.18587546481624
9.13,7.87439922120634,8.44749064317671
9.135,7.83251593169502,8.35387514671489
9.14,8.90588485628047,8.35725027952318
9.145,8.33582388149821,8.57914293125637
9.15,8.77914726357812,8.5240285541729
9.155,7.58143128451123,8.30380648838766
9.16,7.96047843799296,8.43224920232593
9.165,8.21430530758691,8.58289198078172
9.17,8.72884627872032,8.36427186517617
9.175,8.4668062240247,8.49145503374479
9.18,8.30802966788239,8.43570267489802
9.185,8.23129486286498,8.36304943844326
9.19,8.24216729585265,8.58590986821524
9.195,8.44592863491735,8.60001224335272
9.2,8.15783303267472,8.30718823292483
9.205,8.58380826282936,8.12711320700228
9.21,7.866312019033,8.58451593150057
9.215,9.47712134777409,8.26639639833187
9.22,7.96331451976102,8.57428653353685
9.225,9.325537439842,8.38206717171027
9.23,8.73022328648726,8.24502769175743
9.235,8.4569160407988,8.35346354298093
9.24,7.58703574286858,8.53064622728309
9.245,7.23536019169523,8.53835257509137
9.25,7.82757834732115,8.2349454324727
9.255,8.39474700663261,8.54230076784457
9.26,8.36636198934054,8.23077119284652
9.265,9.28952451378544,8.39294223804665
9.27,9.29264325019484,8.35383698305575
9.275,8.38971646341353,8.17014704356602
9.28,8.92623213165087,8.43259036049854
9.285,7.99580701295941,8.42297363792923
9.29,8.12867761957251,8.11600335096713
9.295,8.11585294677788,8.5978278266533
9.3,8.02535575199571,8.65171959492843
9.305,7.77393494775011,8.39831858979233
9.31,8.38850487422853,8.64019183731099
9.315,8.3962288902076,8.41685761882279
9.32,8.02030048385479,8.16303006834031
9.325,9.32443915127888,8.63716210700167
9.33,8.13787637075817,8.26485914986659
9.335,8.95234329637904,8.37897167318448
9.34,8.06467570834584,8.40601301262255
9.345,8.11194243084681,8.77622905748789
9.35,8.11572326837904,8.60442898245162
9.355,8.2900704460612,8.34811268003996
9.36,8.72916120595603,8.57181665252528
9.365,9.12669304158312,8.24584327104336
9.37,8.89651478499326,8.42825423409872
9.375,8.24136138903515,8.42065548856833
9.38,8.54433840009372,8.65127727482809
9.385,7.83058485765977,8.55117549099892
9.39,8.36594942165968,8.32235411253421
9.395,8.44437795633205,8.35553360234842
9.4,8.23611643759249,8.51141116510592
9.405,8.42119013421626,8.52746797829407
9.41,9.26800166495108,8.15962944235465
9.415,8.35754102197916,8.60159623387862
9.42,8.54460789280955,8.54839140674286
9.425,7.8599381977757,8.53176949259018
9.43,8.76143794439105,8.59122097271041
9.435,8.90779316618752,8.44843908560086
9.44,8.05229187085685,8.36185050753494
9.445,8.6631329999649,8.29870745455997
9.45,7.65493549151374,8.67781221564541
9.455,7.73783662596816,8.43405536009599
9.46,7.68795401427175,8.29488840720206
9.465,7.81804608114825,8.42667976090166
9.47,8.39480861396173,8.37177456174788
9.475,8.473914585281,8.28880841025033
9.48,7.99255024767381,8.09355934523522
9.485,7.6215142682765,8.41967594270845
9.49,7.88472539094949,8.44547998638293
9.495,8.11460633436209,8.47472429017482
9.5,8.7332698150949,8.42289285912327
9.505,8.10116503263907,8.76212863950783
9.51,9.0736503889421,8.16269179207457
9.515,8.44745959171486,8.44719047086668
9.52,7.13888801799527,8.50551366191365
9.525,8.84637342689637,8.45271660883926
9.53,8.28533324563885,8.44617008229328
9.535,8.64943251518316,8.23200281750045
9.54,7.61776440703943,8.3708215635435
9.545,8.59073093704253,8.74554338968762
9.55,8.62627636622368,8.46149481465132
9.555,8.02146458413358,8.15347406157646
9.56,7.51337301613038,8.23235198030053
9.565,8.587345759191,8.55355208321078
9.57,8.21732311383552,8.65640495054674
9.575,8.01618855301593,8.32308071019409
9.58,8.92315786135202,8.38009100128726
9.585,7.90531816495267,8.44589400096336
9.59,7.82801255920409,8.31300272790987
9.595,7.92201627960983,8.49573984209158
9.6,8.25676982927835,8.53673335828038
9.605,8.78707206316911,8.32912491699388
9.61,8.75651196869594,8.53983153062874
9.615,8.39573545104967,8.56461585909009
9.62,8.7013021660919,8.46189142180521
9.625,8.48917589341183,8.67731548218218
9.63,8.17295101435671,8.72876833359117
9.635,8.6912723591592,8.48338790698296
9.64,8.1625825398192,8.31492142704798
9.645,7.9816640036165,8.27641192298579
9.65,8.37026116825201,8.64439886377139
9.655,7.84061275189293,8.55287484372907
9.66,7.83056488851482,8.24346440218106
9.665,8.76303796037916,8.53293298049588
9.67,8.69540031692641,8.25412289602656
9.675,7.72717161404674,8.42708856864795
9.68,9.55120000549046,8.80645000587398
9.685,8.73580214991922,8.4410070414477
9.69,8.68656289976229,8.45263228495965
9.695,8.19008863545493,8.38431633449378
9.7,8.47967217722426,8.1745190139333
9.705,8.22170328451168,8.15212795566864
9.71,9.10786730686276,8.42527435045212
9.715,7.99865490016546,8.52210217284955
9.72,8.55438949785311,8.66855843304575
9.725,7.87703746417856,8.41028583658863
9.73,8.18921343760404,8.623993828408
9.735,7.98958171713104,8.46771899321826
9.74,8.71329934967475,8.40290663657733
9.745,7.55435642419923,8.33523514060901
9.75,8.86034683807533,8.36066071881131
9.755,8.55446431476437,8.47350633071531
9.76,8.5482535853738,8.51049354076368
9.765,8.58491838676497,8.5410661506009
9.77,7.84123654763148,8.47820611348164
9.775,7.7752482741708,8.28216796979068
9.78,8.0604350988798,8.50840073263985
9.785,8.06917482973762,8.75864168613238
9.79,8.68150787208575,8.32110717428291
9.795,8.42827488398572,8.31829453051258
9.8,8.20385504649875,8.360209605621
9.805,8.89699055375583,8.55821095695216
9.81,8.82886083790515,8.6431021244685
9.815,7.97863883994966,8.56309375995169
9.82,8.10508215115152,8.40553546723588
9.825,7.98659301817333,8.2787640311603
9.83,8.75406147417602,8.44402135613519
9.835,8.30567208973486,8.53309822576246
9.84,7.9427543449897,8.49888100886739
9.845,7.47701600784481,8.682771035107
9.85,7.49605084496387,8.56795718389689
9.855,7.08724308118815,8.4998507662083
9.86,8.65459628378613,8.36709658210245
9.865,8.59159965096039,8.62523524626566
9.87,8.14135325251872,8.48519938668979
9.875,8.11876114523755,8.58188146915479
9.88,8.67143661971603,8.4516079365438
9.885,8.92523459881629,8.51378115490913
9.89,8.52591692317409,8.0882016147162
9.895,9.51402602798791,8.54911480488243
9.9,8.38784326035517,8.71205982666348
9.905,8.27226350269866,8.40057714484062
9.91,8.21565880236212,8.31939850675696
9.915,9.14744145598687,8.51616862676887
9.92,8.58980553534502,8.20567794855275
9.925,8.36563667243557,8.62294512607778
9.93,7.54778293042625,8.45141005181484
9.935,8.54297491762973,8.21354722038357
9.94,7.96442619796276,8.44352232698471
9.945,7.80151256952232,8.81023336687288
9.95,7.86862670443968,8.43372651476725
9.955,8.73664025829602,8.8848738163678
9.96,8.65446958938213,8.43961563542556
9.965,9.24049422991804,8.27332737112979
9.97,8.0877372232153,8.49170689081318
9.975,7.94220257271199,8.35744012376001
9.98,8.54222420606862,8.48119067187845
9.985,8.8973912576193,8.17502312463376
9.99,8.59905954023135,8.29681691766498
9.995,8.13737441219228,7.84694556904431
10,8.88730767777211,8.45965305300237
