0,0
0.005,0.00340918806898097
0.01,-0.135499004524674
0.015,-0.270687422312044
0.02,-0.507438222801135
0.025,-0.564922952926602
0.03,-0.765890511488666
0.035,-0.899575364011904
0.04,-1.02324930336832
0.045,-1.107479105257
0.05,-1.22640177223303
0.055,-1.30104141909704
0.06,-1.29028113127484
0.065,-1.28911065856407
0.07,-1.27062748338016
0.075,-1.27011296050166
0.08,-1.24757047107051
0.085,-1.23288872589077
0.09,-1.20674756589227
0.095,-1.18389787734842
0.1,-1.16078926349089
0.105,-1.15926669832102
0.11,-1.14921280105523
0.115,-1.1395332271327
0.12,-1.12981419643603
0.125,-1.12519101822455
0.13,-1.13332392512293
0.135,-1.1093477132945
0.14,-1.08647337229996
0.145,-1.05139929034425
0.15,-1.03581128772298
0.155,-1.01161328853446
0.16,-0.994962718619372
0.165,-0.973974569887949
0.17,-0.965141530659631
0.175,-0.944186938728134
0.18,-0.939816506945434
0.185,-0.926323896540149
0.19,-0.921950208079262
0.195,-0.900527206357917
0.2,-0.874036212554092
0.205,-0.856809418277139
0.21,-0.853943899915024
0.215,-0.850395329047633
0.22,-0.845001861409269
0.225,-0.839382498382719
0.23,-0.838800313716464
0.235,-0.834423610365405
0.24,-0.832957824989619
0.245,-0.825823120973498
0.25,-0.818167060067221
0.255,-0.80592788632651
0.26,-0.803219040646859
0.265,-0.802774120949803
0.27,-0.790155910238444
0.275,-0.78482143852034
0.28,-0.786867517985422
0.285,-0.797329642876407
0.29,-0.89382202483741
0.295,-0.986165633785445
0.3,-1.03699197111959
0.305,-1.05798370171085
0.31,-1.06875514507122
0.315,-1.08627592330758
0.32,-1.09564541716968
0.325,-1.10236591848422
0.33,-1.11132109346162
0.335,-1.11533857871725
0.34,-1.12452032357541
0.345,-1.13671676509458
0.35,-1.14250077174529
0.355,-1.1486932839667
0.36,-1.15445612596424
0.365,-1.15571488597132
0.37,-1.15778183732494
0.375,-1.1628993358831
0.38,-1.16784284327106
0.385,-1.17085034089232
0.39,-1.17857085441278
0.395,-1.18420841258392
0.4,-1.18673766326342
0.405,-1.18926699461608
0.41,-1.1934669793371
0.415,-1.19511744009889
0.42,-1.19633549261873
0.425,-1.19686189153171
0.43,-1.20022660560833
0.435,-1.20107300617418
0.44,-1.20225918511414
0.445,-1.20528905931366
0.45,-1.21387580106392
0.455,-1.21464714048364
0.46,-1.21737372359304
0.465,-1.22019116818282
0.47,-1.22219623872128
0.475,-1.22515811370625
0.48,-1.22675045444666
0.485,-1.2292515286227
0.49,-1.23409864191494
0.495,-1.23517810440719
0.5,-1.23636271326889
0.505,-1.23627495144371
0.51,-1.24029869455795
0.515,-1.24214945490567
0.52,-1.24564357750089
0.525,-1.24640487287393
0.53,-1.25103959292666
0.535,-1.25366612305051
0.54,-1.28312269917513
0.545,-1.28815612458589
0.55,-1.29299824032198
0.555,-1.29544859116688
0.56,-1.29686386880913
0.565,-1.30478369120197
0.57,-1.30778547304532
0.575,-1.32313448282229
0.58,-1.32734655860005
0.585,-1.32358353020952
0.59,-1.32162151358712
0.595,-1.32105355218361
0.6,-1.32010442597546
0.605,-1.32029399506449
0.61,-1.31866542524733
0.615,-1.31643079098853
0.62,-1.31301433585934
0.625,-1.30455732817628
0.63,-1.31031873446263
0.635,-1.3280850241973
0.64,-1.33011781582366
0.645,-1.33306203673512
0.65,-1.33383303169817
0.655,-1.33488960519414
0.66,-1.3355883270828
0.665,-1.33750131194236
0.67,-1.33905514858439
0.675,-1.34060928971939
0.68,-1.34032297509014
0.685,-1.34266561341375
0.69,-1.34285461909841
0.695,-1.34704135846769
0.7,-1.34851105699858
0.705,-1.36632222874808
0.71,-1.35849374846394
0.715,-1.35365754718477
0.72,-1.35634610403622
0.725,-1.35734975095017
0.73,-1.35907106193655
0.735,-1.35962479531254
0.74,-1.36084303758837
0.745,-1.36220937219682
0.75,-1.36503990714353
0.755,-1.36609329969766
0.76,-1.36816281866998
0.765,-1.36868408489461
0.77,-1.22478864977597
0.775,-1.21623692906625
0.78,-1.20934304436805
0.785,-1.20447341080815
0.79,-1.20040260901586
0.795,-1.1958793922616
0.8,-1.19146224395988
0.805,-1.18759898045771
0.81,-1.1826864659302
0.815,-1.17869210909993
0.82,-1.16530881828901
0.825,-1.15361769078429
0.83,-1.13695430188922
0.835,-1.12382575115894
0.84,-1.10548546422385
0.845,-1.00733099102269
0.85,-1.23474552746071
0.855,-1.26557189378773
0.86,-1.26630035219519
0.865,-1.26815227542422
0.87,-1.27115705289097
0.875,-1.2719327006534
0.88,-1.27349804814913
0.885,-1.27546976693124
0.89,-1.27712893921086
0.895,-1.27814844867358
0.9,-1.28026442472032
0.905,-1.27872060643219
0.91,-1.28040576544736
0.915,-1.28182168469173
0.92,-1.28071169041361
0.925,-1.28225239607897
0.93,-1.2822405191711
0.935,-1.28354584887139
0.94,-1.28447446823816
0.945,-1.28418480851432
0.95,-1.28466057623402
0.955,-1.28650271538352
0.96,-1.28692489909895
0.965,-1.2878612974477
0.97,-1.28823743299136
0.975,-1.28925160264761
0.98,-1.2885181761078
0.985,-1.29001776940018
0.99,-1.29079030389425
0.995,-1.29298744647346
1,-1.29319912705452
1.005,-1.29517685833286
1.01,-1.29625306011818
1.015,-1.29765790370126
1.02,-1.29912392634768
1.025,-1.29918503894241
1.03,-1.29834834311033
1.035,-1.29879093344312
1.04,-1.29902635291145
1.045,-1.29889798520094
1.05,-1.2996754097848
1.055,-1.29991286394236
1.06,-1.30019722097417
1.065,-1.30120365186593
1.07,-1.30213101157527
1.075,-1.3026558316923
1.08,-1.30328737881166
1.085,-1.30419412613804
1.09,-1.30389462875773
1.095,-1.3034288434842
1.1,-1.30329155278175
1.105,-1.30395411390405
1.11,-1.30369471438743
1.115,-1.30340411834015
1.12,-1.30438206021379
1.125,-1.30460739317529
1.13,-1.30467933741982
1.135,-1.3060626968642
1.14,-1.3057809920451
1.145,-1.30544781830661
1.15,-1.3058023364941
1.155,-1.30574960336148
1.16,-1.30659268128083
1.165,-1.30777568548222
1.17,-1.30825093883535
1.175,-1.30899135350578
1.18,-1.30818419886147
1.185,-1.30808336329315
1.19,-1.30872782170863
1.195,-1.3105432956175
1.2,-1.31069955791856
1.205,-1.31139051832007
1.21,-1.31209042762568
1.215,-1.31215269206465
1.22,-1.31293300567833
1.225,-1.31309722339554
1.23,-1.31328232084057
1.235,-1.31395868516158
1.24,-1.31427999427851
1.245,-1.31413586776431
1.25,-1.31444668587427
1.255,-1.31456518574002
1.26,-1.31510887925969
1.265,-1.31457506115196
1.27,-1.31486335796383
1.275,-1.31487100017514
1.28,-1.31480814869265
1.285,-1.31523796843867
1.29,-1.31582743199228
1.295,-1.31572851860236
1.3,-1.31541676637221
1.305,-1.3154422716316
1.31,-1.31608202667265
1.315,-1.31536730612454
1.32,-1.31460120156754
1.325,-1.31539543845575
1.33,-1.31555941163339
1.335,-1.31488673624089
1.34,-1.31529266912335
1.345,-1.31551742539821
1.35,-1.31591366514367
1.355,-1.31690181665319
1.36,-1.31746471246181
1.365,-1.31848097070391
1.37,-1.31940169449563
1.375,-1.31956526232175
1.38,-1.31990445289147
1.385,-1.32081777811303
1.39,-1.32056333017989
1.395,-1.31991226388201
1.4,-1.32039404923808
1.405,-1.32062377358587
1.41,-1.3210234985372
1.415,-1.32155160869532
1.42,-1.32225441524595
1.425,-1.32280088923631
1.43,-1.32328608039863
1.435,-1.32307513452175
1.44,-1.32280298373242
1.445,-1.32233793151579
1.45,-1.32310654695118
1.455,-1.32292002730344
1.46,-1.32276395565489
1.465,-1.32292195069321
1.47,-1.32312813707047
1.475,-1.32388832866072
1.48,-1.32331353338265
1.485,-1.32354532396576
1.49,-1.32387409671713
1.495,-1.32420616136525
1.5,-1.32393392515763
1.505,-1.32391695442113
1.51,-1.32337767316145
1.515,-1.32393441022633
1.52,-1.32412081855413
1.525,-1.32440827398694
1.53,-1.32511832119294
1.535,-1.32553006830998
1.54,-1.32666460289375
1.545,-1.32697395428566
1.55,-1.32806102348071
1.555,-1.32773969754707
1.56,-1.32777698609709
1.565,-1.32811071104263
1.57,-1.3280646663231
1.575,-1.32802126586658
1.58,-1.32788093849558
1.585,-1.32817823423972
1.59,-1.32785487400349
1.595,-1.32864368126237
1.6,-1.32854176229204
1.605,-1.32891281794382
1.61,-1.32847735496037
1.615,-1.32836366445064
1.62,-1.32989817440429
1.625,-1.32903845254674
1.63,-1.33005329122446
1.635,-1.32974225703525
1.64,-1.3293172112853
1.645,-1.32995009806437
1.65,-1.32918013305611
1.655,-1.32923070879437
1.66,-1.32879335771376
1.665,-1.32893001612804
1.67,-1.3293931637795
1.675,-1.32917965897556
1.68,-1.33013806936152
1.685,-1.33073417590137
1.69,-1.33143351770339
1.695,-1.33127693335207
1.7,-1.33092315153873
1.705,-1.33114671518208
1.71,-1.33244977097181
1.715,-1.33256959031275
1.72,-1.33312716974217
1.725,-1.33396372837071
1.73,-1.33438176098684
1.735,-1.33438234760834
1.74,-1.33502322802182
1.745,-1.33576546983703
1.75,-1.33629875618699
1.755,-1.33653526401315
1.76,-1.33634446085188
1.765,-1.33662773142004
1.77,-1.33633056526733
1.775,-1.33628732976636
1.78,-1.33602495048462
1.785,-1.33708650838687
1.79,-1.33676458873692
1.795,-1.33667878790351
1.8,-1.33729582691489
1.805,-1.33729663895482
1.81,-1.33829455643917
1.815,-1.33808601795224
1.82,-1.3374516919637
1.825,-1.33763709338848
1.83,-1.33739014322505
1.835,-1.33760222266759
1.84,-1.33806767923226
1.845,-1.33825809836303
1.85,-1.33818456520522
1.855,-1.33813163541647
1.86,-1.33771738157252
1.865,-1.33802284033733
1.87,-1.33866348433045
1.875,-1.33926423291152
1.88,-1.3387678126301
1.885,-1.33861206694944
1.89,-1.33880743724447
1.895,-1.33992392787462
1.9,-1.33991908058552
1.905,-1.33957779529642
1.91,-1.33933193695721
1.915,-1.34005452033169
1.92,-1.33968892679203
1.925,-1.3395984675509
1.93,-1.33970509641534
1.935,-1.33910723298725
1.94,-1.33936753719049
1.945,-1.33920287299469
1.95,-1.33858336596801
1.955,-1.3387209277796
1.96,-1.3384163186561
1.965,-1.33891290333862
1.97,-1.33958626177125
1.975,-1.33965853486662
1.98,-1.33915055446633
1.985,-1.33978851669922
1.99,-1.34034689628634
1.995,-1.3406693515196
2,-1.34049355381519
2.005,-1.3404935189073
2.01,-1.34077381145853
2.015,-1.34084363835903
2.02,-1.3412378082919
2.025,-1.34103017389136
2.03,-1.34124007513608
2.035,-1.34139601550479
2.04,-1.34119565671997
2.045,-1.34085625156813
2.05,-1.3406606559849
2.055,-1.34060749231455
2.06,-1.34021481473777
2.065,-1.33982211396667
2.07,-1.3399301710115
2.075,-1.33986841321334
2.08,-1.3402020702557
2.085,-1.34076891762937
2.09,-1.3408205229421
2.095,-1.34173509348237
2.1,-1.34204321620688
2.105,-1.34219388591026
2.11,-1.34236315811691
2.115,-1.34275293573077
2.12,-1.34351177213655
2.125,-1.34528239631239
2.13,-1.34654397209858
2.135,-1.34793826812377
2.14,-1.35407005372001
2.145,-1.35476424204546
2.15,-1.35520232289006
2.155,-1.35624119232049
2.16,-1.3569907669725
2.165,-1.35775343092153
2.17,-1.35819925613896
2.175,-1.35870055868306
2.18,-1.35948539764811
2.185,-1.35960286387261
2.19,-1.35974487465775
2.195,-1.35987535857655
2.2,-1.36030926367955
2.205,-1.36049819664912
2.21,-1.36147459578215
2.215,-1.36123081395007
2.22,-1.36158402673465
2.225,-1.36192261226503
2.23,-1.36268224439775
2.235,-1.36255202350992
2.24,-1.3630871309099
2.245,-1.36449556720057
2.25,-1.35571392774059
2.255,-1.3570322056995
2.26,-1.36017063221648
2.265,-1.36657073332091
2.27,-1.36719957229295
2.275,-1.36802982233678
2.28,-1.36715185497101
2.285,-1.36670871647741
2.29,-1.36663069809228
2.295,-1.36643390269165
2.3,-1.36550871551451
2.305,-1.36478691352509
2.31,-1.36434633727643
2.315,-1.36383014779436
2.32,-1.3631658085037
2.325,-1.36324621270451
2.33,-1.36299249747455
2.335,-1.36305723583287
2.34,-1.36312369219881
2.345,-1.36294450467175
2.35,-1.36266485052181
2.355,-1.36231554696462
2.36,-1.36210163210611
2.365,-1.36205127946965
2.37,-1.36173268756098
2.375,-1.3613770916279
2.38,-1.3610999413106
2.385,-1.36085629376664
2.39,-1.36038534133701
2.395,-1.36037995531139
2.4,-1.3607934449833
2.405,-1.36105002544913
2.41,-1.36116180104601
2.415,-1.36102654476413
2.42,-1.36089602266087
2.425,-1.36055452520466
2.43,-1.35995298552896
2.435,-1.35992200365715
2.44,-1.35977688156859
2.445,-1.35964792879556
2.45,-1.35932075180987
2.455,-1.3597110211181
2.46,-1.35978870813396
2.465,-1.35960967961583
2.47,-1.35966178878358
2.475,-1.35963305672
2.48,-1.36014395810841
2.485,-1.36021904269572
2.49,-1.36053883366259
2.495,-1.36085245623183
2.5,-1.36061319270034
2.505,-1.36030855177766
2.51,-1.36069182114693
2.515,-1.36068031452893
2.52,-1.36084450555471
2.525,-1.36099656523552
2.53,-1.36128848235624
2.535,-1.36145170810999
2.54,-1.36116643147
2.545,-1.36115258856476
2.55,-1.36112356914993
2.555,-1.36149888256454
2.56,-1.36135815570212
2.565,-1.36133563977083
2.57,-1.36107593206389
2.575,-1.36084774772554
2.58,-1.36090770128225
2.585,-1.3612454048282
2.59,-1.36161729428956
2.595,-1.36134264681066
2.6,-1.36104531174221
2.605,-1.36130707099206
2.61,-1.36143496229072
2.615,-1.36152019203421
2.62,-1.36097560528825
2.625,-1.36106256049829
2.63,-1.36126006068763
2.635,-1.36130444629795
2.64,-1.36129137589773
2.645,-1.36131565266335
2.65,-1.36073299704097
2.655,-1.36047750348184
2.66,-1.36041754001175
2.665,-1.36045622308868
2.67,-1.36033298418786
2.675,-1.3605222003951
2.68,-1.36086673918238
2.685,-1.36090346720765
2.69,-1.36043921564849
2.695,-1.3605992762151
2.7,-1.36052066422809
2.705,-1.3609507721984
2.71,-1.36087126849392
2.715,-1.3605807316263
2.72,-1.36112193782647
2.725,-1.3613688669826
2.73,-1.36107821223233
2.735,-1.36018456036669
2.74,-1.36000027592618
2.745,-1.36009015644607
2.75,-1.36020343360722
2.755,-1.36002186642981
2.76,-1.35988309423492
2.765,-1.35997124161089
2.77,-1.35990644689389
2.775,-1.3594239949483
2.78,-1.35921680674057
2.785,-1.35901753467308
2.79,-1.35899559215087
2.795,-1.35849578076362
2.8,-1.35835731445608
2.805,-1.3584727749388
2.81,-1.35872141317865
2.815,-1.35941145686112
2.82,-1.35905705425038
2.825,-1.35891819316527
2.83,-1.35870584588438
2.835,-1.35842495057693
2.84,-1.35832736548214
2.845,-1.35856424749112
2.85,-1.35850016301926
2.855,-1.35845576679353
2.86,-1.35828219602855
2.865,-1.35804254984302
2.87,-1.35752625334964
2.875,-1.35742989355393
2.88,-1.35757128316636
2.885,-1.35739259443106
2.89,-1.35734942496708
2.895,-1.35742022808392
2.9,-1.35748171040514
2.905,-1.35764249056353
2.91,-1.35772137707511
2.915,-1.35798864748528
2.92,-1.35765278275954
2.925,-1.35800497300288
2.93,-1.35811385932231
2.935,-1.35762338874523
2.94,-1.35719503058957
2.945,-1.35683519480513
2.95,-1.35685058310574
2.955,-1.35657219101172
2.96,-1.3567283974746
2.965,-1.35685662973613
2.97,-1.35645135662082
2.975,-1.35633588054659
2.98,-1.35621767188487
2.985,-1.35611443520995
2.99,-1.35615302442237
2.995,-1.35579041930416
3,-1.35539225542483
3.005,-1.35544001162203
3.01,-1.35525478188581
3.015,-1.35491969875999
3.02,-1.35450827728191
3.025,-1.35455394335543
3.03,-1.35459053253094
3.035,-1.35450270428901
3.04,-1.35419641953095
3.045,-1.35434759270031
3.05,-1.35399984455706
3.055,-1.35344291143131
3.06,-1.35339775379645
3.065,-1.35349835666705
3.07,-1.35307067764585
3.075,-1.35336438603313
3.08,-1.35325724026557
3.085,-1.35300665458289
3.09,-1.35313935533592
3.095,-1.35276784271945
3.1,-1.35327903965277
3.105,-1.35299768258239
3.11,-1.35323751468747
3.115,-1.35322193442755
3.12,-1.35284046762284
3.125,-1.35246962889834
3.13,-1.35225789577368
3.135,-1.35225149256847
3.14,-1.35201614229286
3.145,-1.35177380730936
3.15,-1.35178821326975
3.155,-1.35182510102696
3.16,-1.35175908760948
3.165,-1.35137178238043
3.17,-1.35117315921366
3.175,-1.35104160720045
3.18,-1.35108671845948
3.185,-1.35072073946617
3.19,-1.35063115029002
3.195,-1.35017246217561
3.2,-1.34995366878399
3.205,-1.34979702019803
3.21,-1.34925655681721
3.215,-1.34812367511562
3.22,-1.34706351872242
3.225,-1.34698423629475
3.23,-1.34494684080263
3.235,-1.48594983248492
3.24,-1.48591362303643
3.245,-1.48583630709179
3.25,-1.48595126353093
3.255,-1.48593115212238
3.26,-1.48589525716447
3.265,-1.48565449208865
3.27,-1.48575454212902
3.275,-1.48537431478913
3.28,-1.48542084706075
3.285,-1.48546855837755
3.29,-1.48545412005868
3.295,-1.48541791758419
3.3,-1.48559490124747
3.305,-1.48556318938572
3.31,-1.48535371218817
3.315,-1.48526008059538
3.32,-1.48527316371943
3.325,-1.48528735179432
3.33,-1.48535162451478
3.335,-1.48527482158669
3.34,-1.48516870254885
3.345,-1.485149965125
3.35,-1.48505206620473
3.355,-1.48499432360338
3.36,-1.48508652265249
3.365,-1.48513687908935
3.37,-1.48526395830785
3.375,-1.48544850317867
3.38,-1.48536536907769
3.385,-1.48553795406189
3.39,-1.48544247047845
3.395,-1.48563411276753
3.4,-1.4856100588508
3.405,-1.48558389407265
3.41,-1.48542752230751
3.415,-1.48530017189378
3.42,-1.4853200576492
3.425,-1.48522659049069
3.43,-1.48536392614102
3.435,-1.48529119695536
3.44,-1.48529795256539
3.445,-1.48526697959822
3.45,-1.48530727512255
3.455,-1.48539043376088
3.46,-1.48539463409016
3.465,-1.48526723847534
3.47,-1.48517441548817
3.475,-1.48529914660292
3.48,-1.48524134919277
3.485,-1.48518769768392
3.49,-1.4852322125593
3.495,-1.48531006646801
3.5,-1.48522144864052
3.505,-1.48514215283415
3.51,-1.48513900679893
3.515,-1.48510082119082
3.52,-1.48500093091346
3.525,-1.48505939926029
3.53,-1.48511998801255
3.535,-1.48509560886006
3.54,-1.48509972976208
3.545,-1.48492753862862
3.55,-1.48499591918918
3.555,-1.48511261085217
3.56,-1.48505400537798
3.565,-1.48494420077007
3.57,-1.48492398469206
3.575,-1.4849794443753
3.58,-1.48480856823489
3.585,-1.48478145499669
3.59,-1.48482136997221
3.595,-1.48487444194585
3.6,-1.48490586181404
3.605,-1.48496408618353
3.61,-1.48494314252199
3.615,-1.48489953673598
3.62,-1.48505117274225
3.625,-1.4850372100744
3.63,-1.48499801996589
3.635,-1.48492000318053
3.64,-1.48504073007156
3.645,-1.48510382549789
3.65,-1.48530873757408
3.655,-1.48524347148131
3.66,-1.48532863077174
3.665,-1.48519396072604
3.67,-1.48506409495083
3.675,-1.48504790416678
3.68,-1.48494718830392
3.685,-1.4849202444841
3.69,-1.48495295052679
3.695,-1.48499299032957
3.7,-1.48497112993462
3.705,-1.48489487183849
3.71,-1.48494270342617
3.715,-1.48489185639615
3.72,-1.48487619326586
3.725,-1.48498899569028
3.73,-1.48512936881779
3.735,-1.48517061552697
3.74,-1.48509258618451
3.745,-1.48510673463605
3.75,-1.48506888261365
3.755,-1.48502356615077
3.76,-1.48498913267739
3.765,-1.484971431037
3.77,-1.48495934878668
3.775,-1.48490129493685
3.78,-1.48485882105854
3.785,-1.48492921698691
3.79,-1.48510745423097
3.795,-1.48513069382119
3.8,-1.48495923537316
3.805,-1.48498194234901
3.81,-1.48505680741528
3.815,-1.48502578067324
3.82,-1.48512899641932
3.825,-1.48506195530321
3.83,-1.48501350406676
3.835,-1.48492373862481
3.84,-1.48483239789606
3.845,-1.48480959231395
3.85,-1.48484763263843
3.855,-1.48478115251822
3.86,-1.4848484747285
3.865,-1.48487544870511
3.87,-1.48493041801424
3.875,-1.48487294269145
3.88,-1.48495591802542
3.885,-1.48484918256138
3.89,-1.48481018943678
3.895,-1.48463049032346
3.9,-1.4846281401291
3.905,-1.48459623578121
3.91,-1.4844820435155
3.915,-1.4844535297385
3.92,-1.48459550149623
3.925,-1.48468537276534
3.93,-1.48476366795359
3.935,-1.48473702472998
3.94,-1.48468890278469
3.945,-1.48466675970521
3.95,-1.4846239494947
3.955,-1.48463667912485
3.96,-1.48457306471315
3.965,-1.4846768914052
3.97,-1.48467323833916
3.975,-1.48470082856317
3.98,-1.484623388546
3.985,-1.48451109652103
3.99,-1.48456711845089
3.995,-1.48447778905679
4,-1.48438651497383
4.005,-1.48427943742598
4.01,-1.48440794012756
4.015,-1.48459245319064
4.02,-1.4844628047197
4.025,-1.48449346683372
4.03,-1.48440715748558
4.035,-1.48450179007233
4.04,-1.48454156267844
4.045,-1.48447188335879
4.05,-1.48449656594741
4.055,-1.48447344530607
4.06,-1.48459481170762
4.065,-1.48460013212186
4.07,-1.48462081117214
4.075,-1.48446775190243
4.08,-1.48442403737752
4.085,-1.48439073561987
4.09,-1.48423190595207
4.095,-1.48425239138207
4.1,-1.48424997429665
4.105,-1.48434589385476
4.11,-1.48446451031174
4.115,-1.48449886871965
4.12,-1.48447922929376
4.125,-1.48446051975974
4.13,-1.48448291949122
4.135,-1.48445866237865
4.14,-1.48448334300007
4.145,-1.48457927583506
4.15,-1.48457442781666
4.155,-1.48477422961187
4.16,-1.48475147045083
4.165,-1.48468232152054
4.17,-1.48465173056564
4.175,-1.48456967687029
4.18,-1.48462255215759
4.185,-1.48466593591866
4.19,-1.4845700587555
4.195,-1.48473860046393
4.2,-1.48472738032844
4.205,-1.48475306274158
4.21,-1.48472895238881
4.215,-1.48469433796465
4.22,-1.48479496619351
4.225,-1.48469243298005
4.23,-1.48468262030951
4.235,-1.48458302693048
4.24,-1.48466395485195
4.245,-1.48471635520521
4.25,-1.48477917096013
4.255,-1.48475528917364
4.26,-1.48473992650686
4.265,-1.48465052244058
4.27,-1.48458909457385
4.275,-1.48457441076129
4.28,-1.48461257821304
4.285,-1.48461678075852
4.29,-1.4845982891825
4.295,-1.48460698449421
4.3,-1.48463353716035
4.305,-1.48459159558236
4.31,-1.48453318372715
4.315,-1.48450237222615
4.32,-1.48444961101668
4.325,-1.48452996663151
4.33,-1.48449903597174
4.335,-1.48442553815845
4.34,-1.48441103628651
4.345,-1.48437817035854
4.35,-1.48437400665491
4.355,-1.48434495432832
4.36,-1.48445776800548
4.365,-1.4845545295147
4.37,-1.48445943189993
4.375,-1.48452058433227
4.38,-1.48445536449566
4.385,-1.48440162173057
4.39,-1.48437223580245
4.395,-1.48439195255375
4.4,-1.48441069825541
4.405,-1.48438727489997
4.41,-1.48443409004732
4.415,-1.48452749107313
4.42,-1.48447726107629
4.425,-1.48452107071486
4.43,-1.48449754706799
4.435,-1.48452244512187
4.44,-1.48450480940172
4.445,-1.48454186339921
4.45,-1.48453315631254
4.455,-1.48457025203332
4.46,-1.48465829357502
4.465,-1.48459521759455
4.47,-1.48463400168546
4.475,-1.48476782773144
4.48,-1.48487470967214
4.485,-1.48490499603135
4.49,-1.48484938788725
4.495,-1.48481661457063
4.5,-1.48480157932789
4.505,-1.4848010504972
4.51,-1.48469561792435
4.515,-1.48469638675149
4.52,-1.48473044657054
4.525,-1.48467393303443
4.53,-1.48464299061846
4.535,-1.48468203256438
4.54,-1.48470784552569
4.545,-1.48476100059546
4.55,-1.48470459421197
4.555,-1.4846642678601
4.56,-1.48465588115592
4.565,-1.48467620786708
4.57,-1.48460202778623
4.575,-1.48460518351627
4.58,-1.4845665081784
4.585,-1.48445611155709
4.59,-1.48447347633453
4.595,-1.48448786832878
4.6,-1.48452096199785
4.605,-1.48461490858714
4.61,-1.48451043186892
4.615,-1.48449997040404
4.62,-1.48443792459604
4.625,-1.48448868620418
4.63,-1.48470042683968
4.635,-1.48471333805557
4.64,-1.4847151942599
4.645,-1.48480364801786
4.65,-1.48480699427198
4.655,-1.48467114913688
4.66,-1.48461823642885
4.665,-1.48461314331611
4.67,-1.48459866212575
4.675,-1.48460717963789
4.68,-1.48462064411471
4.685,-1.48459808639569
4.69,-1.48468209964935
4.695,-1.48464618695699
4.7,-1.48463489712836
4.705,-1.48464096153133
4.71,-1.48464827436333
4.715,-1.48479604136105
4.72,-1.48481509214985
4.725,-1.48483536730451
4.73,-1.48475008223233
4.735,-1.48470684229719
4.74,-1.4846601825593
4.745,-1.48456720128921
4.75,-1.48462750701198
4.755,-1.48471879134438
4.76,-1.48477541201054
4.765,-1.48468031548499
4.77,-1.48476521263358
4.775,-1.48472563617679
4.78,-1.48457927273861
4.785,-1.48447414170922
4.79,-1.48445354203331
4.795,-1.48448259277495
4.8,-1.48444984853058
4.805,-1.48440239597787
4.81,-1.48438306379764
4.815,-1.48444431206145
4.82,-1.48442834333751
4.825,-1.48444934709122
4.83,-1.48441464750287
4.835,-1.4843982908411
4.84,-1.48433995576827
4.845,-1.48435080809111
4.85,-1.48431885384267
4.855,-1.4843719458428
4.86,-1.4843974726522
4.865,-1.48448744858456
4.87,-1.4845446548659
4.875,-1.48470699427262
4.88,-1.48472505382858
4.885,-1.48471073246883
4.89,-1.48478848512482
4.895,-1.48477910225271
4.9,-1.48479548217801
4.905,-1.48480044221445
4.91,-1.48483178144474
4.915,-1.48487615374845
4.92,-1.48489122606825
4.925,-1.48490319660559
4.93,-1.48487391705238
4.935,-1.48491551926372
4.94,-1.48492939557903
4.945,-1.48496911658569
4.95,-1.4850357353822
4.955,-1.48505274146731
4.96,-1.48497074641803
4.965,-1.48503295222187
4.97,-1.48503425024227
4.975,-1.48510736362571
4.98,-1.48504943635027
4.985,-1.48507835891539
4.99,-1.4850550125341
4.995,-1.48506402756534
5,-1.48507889165332
5.005,-1.48513651299872
5.01,-1.4849917543985
5.015,-1.48499002170611
5.02,-1.48492754758754
5.025,-1.48501704069144
5.03,-1.48502929826732
5.035,-1.48521247995711
5.04,-1.48524318574223
5.045,-1.48520291577618
5.05,-1.48514913815645
5.055,-1.48507016629859
5.06,-1.48497233980055
5.065,-1.48496428022892
5.07,-1.4850286820586
5.075,-1.48498296445345
5.08,-1.48489642297201
5.085,-1.48481177700922
5.09,-1.48480177385491
5.095,-1.48477331646211
5.1,-1.48490386092257
5.105,-1.48483131480096
5.11,-1.48487783806916
5.115,-1.48484497147272
5.12,-1.48486355346819
5.125,-1.4848444975946
5.13,-1.48491107387913
5.135,-1.4849833713463
5.14,-1.48497763769224
5.145,-1.48498411105223
5.15,-1.48496876884326
5.155,-1.48491047167865
5.16,-1.48481657977484
5.165,-1.48475971836773
5.17,-1.48479529546986
5.175,-1.48476326297087
5.18,-1.48475327149983
5.185,-1.48484494255923
5.19,-1.48479418357963
5.195,-1.48483670722171
5.2,-1.48491320376019
5.205,-1.48493318819875
5.21,-1.48485033906595
5.215,-1.48473293525498
5.22,-1.48480248945798
5.225,-1.48479298502167
5.23,-1.48479944835963
5.235,-1.48481440165478
5.24,-1.48477163554544
5.245,-1.4846840375544
5.25,-1.48465909766403
5.255,-1.48468328883206
5.26,-1.48464750064986
5.265,-1.4846861115788
5.27,-1.48453212913559
5.275,-1.48449466781801
5.28,-1.48453254509267
5.285,-1.48450356840023
5.29,-1.48460096271431
5.295,-1.48449858609272
5.3,-1.48452108359281
5.305,-1.48446020766024
5.31,-1.48447986282539
5.315,-1.4845919078352
5.32,-1.4845499793088
5.325,-1.48465566085319
5.33,-1.48474166348201
5.335,-1.48481323487933
5.34,-1.48488036320389
5.345,-1.48481047410441
5.35,-1.48481348807491
5.355,-1.48483536869909
5.36,-1.48487506554187
5.365,-1.48496811447599
5.37,-1.48493262606505
5.375,-1.48495814920453
5.38,-1.48500099682954
5.385,-1.48509843866535
5.39,-1.48504110286087
5.395,-1.48516111943181
5.4,-1.48504544957488
5.405,-1.48504420285315
5.41,-1.48506927578301
5.415,-1.48504257260181
5.42,-1.48502644296542
5.425,-1.48500568874107
5.43,-1.48500285975341
5.435,-1.48497189357387
5.44,-1.48498031200163
5.445,-1.48503602791762
5.45,-1.48500766071641
5.455,-1.48496173321872
5.46,-1.48487860989813
5.465,-1.48494907623637
5.47,-1.48507943289163
5.475,-1.48507908534927
5.48,-1.48505165188753
5.485,-1.48507166926916
5.49,-1.48504054404164
5.495,-1.48515076618789
5.5,-1.48512566173594
5.505,-1.48514218104756
5.51,-1.48510621994192
5.515,-1.48507762538576
5.52,-1.48509525709883
5.525,-1.48517828323645
5.53,-1.48509778677125
5.535,-1.48510017843076
5.54,-1.48511131912906
5.545,-1.48516691869267
5.55,-1.48514693398927
5.555,-1.48513038389221
5.56,-1.48515219661179
5.565,-1.4851403780584
5.57,-1.48502913140765
5.575,-1.48499349055736
5.58,-1.48499455618544
5.585,-1.48493648245924
5.59,-1.48490393734081
5.595,-1.48483707496432
5.6,-1.48499397251558
5.605,-1.48492987782969
5.61,-1.48506110089708
5.615,-1.48507366846913
5.62,-1.4850757684221
5.625,-1.48515116559762
5.63,-1.48512086350733
5.635,-1.48504851350724
5.64,-1.48509039296247
5.645,-1.48500418635196
5.65,-1.48510751427263
5.655,-1.48507980459667
5.66,-1.48498219887439
5.665,-1.48501460050876
5.67,-1.48508186408123
5.675,-1.4851173846393
5.68,-1.48515553943539
5.685,-1.48507996728514
5.69,-1.48511277875824
5.695,-1.4850476112891
5.7,-1.48512068925667
5.705,-1.48519942498563
5.71,-1.48518752204947
5.715,-1.48509451021101
5.72,-1.48516283499422
5.725,-1.48516053136618
5.73,-1.48520863815711
5.735,-1.48514023353056
5.74,-1.48514944951289
5.745,-1.48507950488587
5.75,-1.4850927421762
5.755,-1.48506717736373
5.76,-1.48501286739453
5.765,-1.485104854331
5.77,-1.48510943337882
5.775,-1.4850603432572
5.78,-1.48503580734304
5.785,-1.48498676270414
5.79,-1.48492929884386
5.795,-1.48486223705277
5.8,-1.48481810499176
5.805,-1.48490397716597
5.81,-1.48489033058601
5.815,-1.48479453739255
5.82,-1.48484594014138
5.825,-1.48487568907368
5.83,-1.48481116292154
5.835,-1.48468658198601
5.84,-1.4847489949568
5.845,-1.48476546256463
5.85,-1.48475710117083
5.855,-1.48485811741365
5.86,-1.48480151976596
5.865,-1.484768637518
5.87,-1.48482548962724
5.875,-1.48481438135866
5.88,-1.48478676461412
5.885,-1.48491651861953
5.89,-1.48491322343638
5.895,-1.48497706595422
5.9,-1.48503136567849
5.905,-1.48501716010271
5.91,-1.485038353004
5.915,-1.48496363658136
5.92,-1.48497593938366
5.925,-1.48490945535152
5.93,-1.48487376019225
5.935,-1.48487728771836
5.94,-1.48485073985378
5.945,-1.48483535868358
5.95,-1.48481854420853
5.955,-1.48474739854793
5.96,-1.48481477487749
5.965,-1.48486499963692
5.97,-1.48478806115217
5.975,-1.4848323146753
5.98,-1.48485331679517
5.985,-1.48475183166564
5.99,-1.48481526398827
5.995,-1.48473662431325
6,-1.48479423227596
6.005,-1.4847955602651
6.01,-1.48485121628261
6.015,-1.48488477028152
6.02,-1.48486272008182
6.025,-1.48487488923651
6.03,-1.48487426231405
6.035,-1.484920571736
6.04,-1.48493016551427
6.045,-1.4849356191164
6.05,-1.48492303241146
6.055,-1.48486596424853
6.06,-1.48473944558944
6.065,-1.48482511489262
6.07,-1.48481434063264
6.075,-1.48488532699798
6.08,-1.48491109997825
6.085,-1.484878529435
6.09,-1.4847818421354
6.095,-1.48484734327453
6.1,-1.48489868788433
6.105,-1.48489163075448
6.11,-1.48490347324978
6.115,-1.48488563845593
6.12,-1.48490925044676
6.125,-1.48492042852498
6.13,-1.48504274645792
6.135,-1.48511697337777
6.14,-1.4851477785712
6.145,-1.48514147439387
6.15,-1.48509399687
6.155,-1.48516282987706
6.16,-1.48515438617788
6.165,-1.48512657602442
6.17,-1.48516441902219
6.175,-1.48516990205782
6.18,-1.485118514186
6.185,-1.48516784328637
6.19,-1.48508138950797
6.195,-1.48503795237599
6.2,-1.48507599461145
6.205,-1.48507788746707
6.21,-1.48508321966667
6.215,-1.4850364035341
6.22,-1.48503080123231
6.225,-1.48494541085108
6.23,-1.48494913004515
6.235,-1.48504762770785
6.24,-1.48510025990913
6.245,-1.48513916224015
6.25,-1.48515383044602
6.255,-1.48521413692413
6.26,-1.48525023040738
6.265,-1.48524530717793
6.27,-1.4852373454222
6.275,-1.48522125158863
6.28,-1.48520973272896
6.285,-1.48518641688315
6.29,-1.4852299188041
6.295,-1.48525659483192
6.3,-1.48529410503128
6.305,-1.48540060264794
6.31,-1.48534793431906
6.315,-1.48528639542997
6.32,-1.48525317228383
6.325,-1.48528423668365
6.33,-1.48517952863458
6.335,-1.4850638591044
6.34,-1.48505088654778
6.345,-1.48503705516659
6.35,-1.4851495041208
6.355,-1.48507274628031
6.36,-1.48507178201924
6.365,-1.48509321019733
6.37,-1.48510189703681
6.375,-1.48512008412421
6.38,-1.48504777583493
6.385,-1.4851029026545
6.39,-1.48519132508393
6.395,-1.48512602083503
6.4,-1.4850558236986
6.405,-1.48511456769352
6.41,-1.48508445338725
6.415,-1.48506568449607
6.42,-1.48518815249348
6.425,-1.4851560600684
6.43,-1.48512007843839
6.435,-1.48504942940417
6.44,-1.48507289307403
6.445,-1.48509464216769
6.45,-1.48514256048213
6.455,-1.48514344186372
6.46,-1.48513885488899
6.465,-1.48514100969521
6.47,-1.48512820327337
6.475,-1.4852022669986
6.48,-1.48520037180178
6.485,-1.48513332724522
6.49,-1.48517885070606
6.495,-1.48530684080964
6.5,-1.48529491327455
6.505,-1.48526812591196
6.51,-1.48535078477821
6.515,-1.48535810234619
6.52,-1.48535240843845
6.525,-1.48535077437489
6.53,-1.48534955127774
6.535,-1.4852820206806
6.54,-1.48534665252377
6.545,-1.48533851452977
6.55,-1.48530398193071
6.555,-1.48537348642896
6.56,-1.48548325622182
6.565,-1.48546807099543
6.57,-1.4854483935543
6.575,-1.48542215422067
6.58,-1.48542924722208
6.585,-1.4853453767727
6.59,-1.48532127570128
6.595,-1.48529774600325
6.6,-1.48523882933431
6.605,-1.48528539602064
6.61,-1.48533016171251
6.615,-1.48518112689542
6.62,-1.48507898123295
6.625,-1.48507699102214
6.63,-1.48505514506208
6.635,-1.48502233120424
6.64,-1.48490482039336
6.645,-1.48493985605942
6.65,-1.48500276623153
6.655,-1.48498912027045
6.66,-1.48492654899003
6.665,-1.48494681855516
6.67,-1.48494605304936
6.675,-1.48492476943502
6.68,-1.48484757517966
6.685,-1.484876912114
6.69,-1.48490634175296
6.695,-1.48488110855824
6.7,-1.4848225054015
6.705,-1.48489903162941
6.71,-1.48492295081702
6.715,-1.48501791672655
6.72,-1.48498131604667
6.725,-1.48498226278502
6.73,-1.48505612646089
6.735,-1.48515240490231
6.74,-1.48516896296291
6.745,-1.48517912544005
6.75,-1.48519433766958
6.755,-1.48514999449028
6.76,-1.48514103460715
6.765,-1.48511676497711
6.77,-1.48513324813977
6.775,-1.48511201976097
6.78,-1.48505134221789
6.785,-1.48508778824621
6.79,-1.48502863993488
6.795,-1.48501064955385
6.8,-1.48500264972061
6.805,-1.48496425823007
6.81,-1.48491417132263
6.815,-1.48485466751419
6.82,-1.48482966680555
6.825,-1.48475148129934
6.83,-1.48484715132074
6.835,-1.48482586862114
6.84,-1.48484912629507
6.845,-1.48484123399776
6.85,-1.48480947648893
6.855,-1.48487444278029
6.86,-1.4848227930288
6.865,-1.48476486589998
6.87,-1.48484101818886
6.875,-1.48483711542379
6.88,-1.48487270680592
6.885,-1.48493992812413
6.89,-1.4849054610358
6.895,-1.48490609677597
6.9,-1.48495180106498
6.905,-1.48488689829217
6.91,-1.48485734381957
6.915,-1.48482660373174
6.92,-1.48483268964137
6.925,-1.48471366276086
6.93,-1.48477196509084
6.935,-1.48479872847507
6.94,-1.48485938404644
6.945,-1.48482856667889
6.95,-1.48485248189691
6.955,-1.48490494508714
6.96,-1.48488337019349
6.965,-1.48489249586611
6.97,-1.48483854511009
6.975,-1.4848508960119
6.98,-1.4848169951987
6.985,-1.48480605449174
6.99,-1.48480953831669
6.995,-1.48477755954838
7,-1.48474870377972
7.005,-1.48477501146186
7.01,-1.48473503106253
7.015,-1.4847173692404
7.02,-1.48469254375405
7.025,-1.48464691747571
7.03,-1.48461105873093
7.035,-1.48450086455753
7.04,-1.48449419509954
7.045,-1.48452241194172
7.05,-1.48460036330647
7.055,-1.48460398134903
7.06,-1.48457016530796
7.065,-1.4845739362683
7.07,-1.48465381299643
7.075,-1.48467809329738
7.08,-1.48470846782351
7.085,-1.48474012772391
7.09,-1.48473933882475
7.095,-1.48477272485586
7.1,-1.48475516832134
7.105,-1.48475612887432
7.11,-1.48483296990503
7.115,-1.48486090081362
7.12,-1.48481110600567
7.125,-1.48473388279788
7.13,-1.48467786197017
7.135,-1.48462390458643
7.14,-1.48461376804105
7.145,-1.48455707243614
7.15,-1.48451291772303
7.155,-1.48451964562585
7.16,-1.48454116379166
7.165,-1.48445173207387
7.17,-1.48447307776592
7.175,-1.4844504154617
7.18,-1.48445278802769
7.185,-1.48443883190468
7.19,-1.48444894579507
7.195,-1.48448537350365
7.2,-1.48447321147514
7.205,-1.48444969612244
7.21,-1.48445119036055
7.215,-1.48442512266633
7.22,-1.48446159924845
7.225,-1.4844059895507
7.23,-1.48435949813737
7.235,-1.48440895488601
7.24,-1.48443048007308
7.245,-1.48444584439004
7.25,-1.48446770582578
7.255,-1.48444385608481
7.26,-1.48449895048614
7.265,-1.48448587067515
7.27,-1.48443030233428
7.275,-1.48441895475559
7.28,-1.48439568515005
7.285,-1.48432994033719
7.29,-1.4843690758286
7.295,-1.48434426527717
7.3,-1.48425835572941
7.305,-1.48427482414772
7.31,-1.48427756056167
7.315,-1.48425942393479
7.32,-1.48427490201525
7.325,-1.48425177334688
7.33,-1.48421970700299
7.335,-1.48418389977042
7.34,-1.48409855792115
7.345,-1.48409862510691
7.35,-1.48414103291472
7.355,-1.48413616887801
7.36,-1.4841716442016
7.365,-1.48427188705905
7.37,-1.48419504372472
7.375,-1.48421612030316
7.38,-1.48426231526436
7.385,-1.48428394334695
7.39,-1.48427083739967
7.395,-1.48419074690924
7.4,-1.48414814353782
7.405,-1.48410865425015
7.41,-1.48406986924411
7.415,-1.48403290340968
7.42,-1.48396251936516
7.425,-1.48393190156665
7.43,-1.48392083526876
7.435,-1.48386822478317
7.44,-1.48395470500155
7.445,-1.48401002596968
7.45,-1.48398388262812
7.455,-1.48402782911392
7.46,-1.48397284132858
7.465,-1.48387885764188
7.47,-1.4839036404163
7.475,-1.48389713510234
7.48,-1.4839134115194
7.485,-1.48396998470949
7.49,-1.4839380394564
7.495,-1.48392632859511
7.5,-1.48391467807731
7.505,-1.48392903002023
7.51,-1.48399379230284
7.515,-1.4840068139439
7.52,-1.48397037651829
7.525,-1.48403743258151
7.53,-1.48398918087786
7.535,-1.48404527865315
7.54,-1.48405444817226
7.545,-1.48398881812993
7.55,-1.48400335416403
7.555,-1.48401388165963
7.56,-1.48394789281543
7.565,-1.48389912957784
7.57,-1.48380991309808
7.575,-1.48376468490244
7.58,-1.48377168296844
7.585,-1.4836992313839
7.59,-1.48368560641104
7.595,-1.48369627338351
7.6,-1.48368483270953
7.605,-1.48371001816517
7.61,-1.48365382052258
7.615,-1.48357844962614
7.62,-1.48364157763484
7.625,-1.48366307509927
7.63,-1.48365836844925
7.635,-1.48375822859535
7.64,-1.48373358143248
7.645,-1.48375120465477
7.65,-1.48377541360946
7.655,-1.48383296534473
7.66,-1.48381097931952
7.665,-1.48381087253025
7.67,-1.48376290413457
7.675,-1.48371880586865
7.68,-1.48375362262367
7.685,-1.48378584313918
7.69,-1.48376396539865
7.695,-1.48370647145891
7.7,-1.48371417921219
7.705,-1.48371349158458
7.71,-1.4836964621692
7.715,-1.48370399283252
7.72,-1.48372590189729
7.725,-1.48375075708291
7.73,-1.48374679115601
7.735,-1.48372782168243
7.74,-1.48383390429235
7.745,-1.48377711003932
7.75,-1.4837662272753
7.755,-1.48378987810111
7.76,-1.48374177353292
7.765,-1.48373504584694
7.77,-1.48371390778369
7.775,-1.48373901690786
7.78,-1.48376332598944
7.785,-1.48368622939705
7.79,-1.48367961806326
7.795,-1.48367527169094
7.8,-1.48362297682083
7.805,-1.48366807751509
7.81,-1.48363960416241
7.815,-1.48368334511416
7.82,-1.4836332017852
7.825,-1.48359399376187
7.83,-1.48355728135006
7.835,-1.4835467273533
7.84,-1.48364003252168
7.845,-1.48367993583805
7.85,-1.48368031225708
7.855,-1.48366454082122
7.86,-1.48370300021156
7.865,-1.48369004743233
7.87,-1.48362427707598
7.875,-1.48350713278096
7.88,-1.48350577340946
7.885,-1.48346594833487
7.89,-1.48341025328292
7.895,-1.48338332461774
7.9,-1.48340163793597
7.905,-1.48337409020843
7.91,-1.48332127224209
7.915,-1.48334766915938
7.92,-1.48340757785319
7.925,-1.48343173836493
7.93,-1.48341441102716
7.935,-1.48345204059055
7.94,-1.48342811443327
7.945,-1.48329692822003
7.95,-1.48321034269548
7.955,-1.48312844569882
7.96,-1.48313219923311
7.965,-1.48315505332542
7.97,-1.48315765089837
7.975,-1.4832047523384
7.98,-1.48327337775906
7.985,-1.4832453859125
7.99,-1.48323325976563
7.995,-1.48321751678039
8,-1.48322925761543
8.005,-1.48321758789379
8.01,-1.48324624660456
8.015,-1.48320078969499
8.02,-1.48314040053476
8.025,-1.4831325624364
8.03,-1.4832165381717
8.035,-1.48322763502665
8.04,-1.48330721047301
8.045,-1.48331524567758
8.05,-1.48332700925654
8.055,-1.48335348439341
8.06,-1.48339467494611
8.065,-1.48335596269238
8.07,-1.48336217915236
8.075,-1.48335088606233
8.08,-1.48341560838159
8.085,-1.48341803864557
8.09,-1.48335870876719
8.095,-1.48328777152498
8.1,-1.48330471009448
8.105,-1.48327817412672
8.11,-1.48330046179368
8.115,-1.4833656961081
8.12,-1.48339702584373
8.125,-1.48333105526577
8.13,-1.48332452683688
8.135,-1.48337549107926
8.14,-1.48339707005265
8.145,-1.48340895463243
8.15,-1.48342186462099
8.155,-1.48344813106227
8.16,-1.48349240703171
8.165,-1.48345969089936
8.17,-1.48344771912608
8.175,-1.48335194071656
8.18,-1.4832796627976
8.185,-1.48328213964224
8.19,-1.48320824045822
8.195,-1.4831953937204
8.2,-1.48321016765122
8.205,-1.48325080890338
8.21,-1.4832382763122
8.215,-1.48320563406533
8.22,-1.48311855687348
8.225,-1.48303723858028
8.23,-1.48300686927639
8.235,-1.48298178198043
8.24,-1.48299120035237
8.245,-1.48300892472525
8.25,-1.48304548692009
8.255,-1.48307812306643
8.26,-1.4831269307143
8.265,-1.48309662254059
8.27,-1.48308942133792
8.275,-1.48303371449009
8.28,-1.4830709392755
8.285,-1.48309368772538
8.29,-1.48306457188486
8.295,-1.4830761509699
8.3,-1.48306183130138
8.305,-1.4830705982064
8.31,-1.48313758714964
8.315,-1.48315048924571
8.32,-1.48313431568524
8.325,-1.48316081939078
8.33,-1.48313445333312
8.335,-1.48322156556561
8.34,-1.483186437212
8.345,-1.48316997931434
8.35,-1.48311869360728
8.355,-1.48315854112669
8.36,-1.48321184323415
8.365,-1.4831591006967
8.37,-1.48312924830883
8.375,-1.48321080879062
8.38,-1.48320497964028
8.385,-1.48323383523691
8.39,-1.48322669065192
8.395,-1.48322676976532
8.4,-1.48322299726114
8.405,-1.48322531378448
8.41,-1.48327037578961
8.415,-1.48329699215812
8.42,-1.48328559794508
8.425,-1.48328593964247
8.43,-1.48330499771064
8.435,-1.4833022650609
8.44,-1.48326462620856
8.445,-1.48325043470716
8.45,-1.48318535646476
8.455,-1.48320187321069
8.46,-1.48317668499119
8.465,-1.48315769119551
8.47,-1.48319813139895
8.475,-1.48326072391327
8.48,-1.48329583511047
8.485,-1.48328896498477
8.49,-1.48327771784907
8.495,-1.48330439511183
8.5,-1.48323555927051
8.505,-1.48326821734783
8.51,-1.48329590171804
8.515,-1.48319575057194
8.52,-1.48322313578834
8.525,-1.4832366953283
8.53,-1.48320128780495
8.535,-1.48323049208893
8.54,-1.48322680085185
8.545,-1.48321569783374
8.55,-1.4832437036699
8.555,-1.48318629855904
8.56,-1.48315208546502
8.565,-1.48314957022732
8.57,-1.48313151094376
8.575,-1.48312090671152
8.58,-1.48307010627204
8.585,-1.48310940670798
8.59,-1.48312474518355
8.595,-1.48312726257376
8.6,-1.4830573888792
8.605,-1.48313758420704
8.61,-1.48312372361436
8.615,-1.48311168115411
8.62,-1.48306181391066
8.625,-1.48312469219705
8.63,-1.48312462831813
8.635,-1.48310508758816
8.64,-1.48315014300924
8.645,-1.48316688797338
8.65,-1.4831947034802
8.655,-1.48317688389898
8.66,-1.48320104078704
8.665,-1.48322545850339
8.67,-1.48322468797017
8.675,-1.48324347857165
8.68,-1.48323459832733
8.685,-1.48322821508969
8.69,-1.48316985832204
8.695,-1.48312799720735
8.7,-1.48308656561367
8.705,-1.48316085237271
8.71,-1.48320868174844
8.715,-1.48319749433689
8.72,-1.48316809457335
8.725,-1.48319190559917
8.73,-1.48313850971962
8.735,-1.48317608656218
8.74,-1.48318424805269
8.745,-1.48316779661649
8.75,-1.48324403808486
8.755,-1.48328227409572
8.76,-1.4832314677227
8.765,-1.48312077932983
8.77,-1.48305699080251
8.775,-1.48307314559217
8.78,-1.48304923109768
8.785,-1.48304624348181
8.79,-1.48301584762028
8.795,-1.48299086696007
8.8,-1.48297447406665
8.805,-1.48296234853301
8.81,-1.48292771109651
8.815,-1.48291936303188
8.82,-1.48289176685335
8.825,-1.48285461661941
8.83,-1.48287612872312
8.835,-1.48284403477238
8.84,-1.48281238128849
8.845,-1.48289034315555
8.85,-1.48290834653502
8.855,-1.48290071049482
8.86,-1.48288111247757
8.865,-1.48294312350627
8.87,-1.4829068566693
8.875,-1.48294763394022
8.88,-1.48293400185142
8.885,-1.48284117370641
8.89,-1.4828711651789
8.895,-1.48287877556081
8.9,-1.48282491542892
8.905,-1.48283026121284
8.91,-1.48291411569898
8.915,-1.48298102199537
8.92,-1.48303621049186
8.925,-1.48308147657552
8.93,-1.4831252274133
8.935,-1.48316006155076
8.94,-1.48314466526126
8.945,-1.48316882479316
8.95,-1.4831720271574
8.955,-1.48313323132819
8.96,-1.48313515862077
8.965,-1.48316598094749
8.97,-1.48315112608656
8.975,-1.48320200438362
8.98,-1.48314583571866
8.985,-1.48311148254861
8.99,-1.48307977051871
8.995,-1.48311253395384
9,-1.48310976403078
9.005,-1.48307656806354
9.01,-1.48307582486733
9.015,-1.48305601334156
9.02,-1.48301065200193
9.025,-1.48293549769492
9.03,-1.48290524364418
9.035,-1.4829104779508
9.04,-1.48290037844851
9.045,-1.48278231998659
9.05,-1.48281976197144
9.055,-1.48280633635451
9.06,-1.48283017237969
9.065,-1.48283501144369
9.07,-1.48282796444251
9.075,-1.48283048970376
9.08,-1.48284146847713
9.085,-1.48290628668773
9.09,-1.48292085633357
9.095,-1.48294714300288
9.1,-1.48291030434725
9.105,-1.48290205779886
9.11,-1.48294014699471
9.115,-1.48296557145276
9.12,-1.48296968626279
9.125,-1.48298291213027
9.13,-1.48295335513586
9.135,-1.48291605729323
9.14,-1.48287537327745
9.145,-1.48292102783759
9.15,-1.48292095001419
9.155,-1.4829564942339
9.16,-1.4828955513318
9.165,-1.48286520279601
9.17,-1.48285533731212
9.175,-1.48288664226104
9.18,-1.48289697508179
9.185,-1.48289455207276
9.19,-1.48288593491144
9.195,-1.48287830993071
9.2,-1.48288702351185
9.205,-1.4828725177487
9.21,-1.48289201539666
9.215,-1.48285432928856
9.22,-1.48294526145628
9.225,-1.48291532719964
9.23,-1.48299422545534
9.235,-1.48302546980928
9.24,-1.48303486961587
9.245,-1.48297470769473
9.25,-1.48288653773483
9.255,-1.48284565303493
9.26,-1.48285014130608
9.265,-1.48285221173205
9.27,-1.48292785874254
9.275,-1.48300383015933
9.28,-1.48300776299719
9.285,-1.48305462515374
9.29,-1.48302722857201
9.295,-1.4830102976223
9.3,-1.48299260824478
9.305,-1.48296777505278
9.31,-1.482922832897
9.315,-1.48292689688256
9.32,-1.48293146557157
9.325,-1.48290605474553
9.33,-1.48298436880403
9.335,-1.48296836267454
9.34,-1.48301707788728
9.345,-1.4829953239142
9.35,-1.48297751511003
9.355,-1.4829599121679
9.36,-1.48295599907683
9.365,-1.48298696076097
9.37,-1.48304926175218
9.375,-1.48309345262982
9.38,-1.48308568324105
9.385,-1.48310209294354
9.39,-1.48306184856719
9.395,-1.48306393032679
9.4,-1.48307222464561
9.405,-1.48306409775517
9.41,-1.48307064053278
9.415,-1.48314397898343
9.42,-1.48314552266758
9.425,-1.4831618479386
9.43,-1.48312398365233
9.435,-1.48315746288186
9.44,-1.4832024313903
9.445,-1.48317968746123
9.45,-1.48320524969409
9.455,-1.48315129506222
9.46,-1.48310384537147
9.465,-1.48305246448851
9.47,-1.48301146200459
9.475,-1.48301584460198
9.48,-1.48302641706888
9.485,-1.4829990389646
9.49,-1.48294271807027
9.495,-1.48290715894725
9.5,-1.48288966638023
9.505,-1.48292060768815
9.51,-1.48290220945592
9.515,-1.48295960853199
9.52,-1.48296816050994
9.525,-1.48287428014987
9.53,-1.48291397262254
9.535,-1.48290984212672
9.54,-1.48293405348035
9.545,-1.48287772794008
9.55,-1.48289755868008
9.555,-1.48292002726013
9.56,-1.48289515888284
9.565,-1.48283074168761
9.57,-1.48285013683907
9.575,-1.48284079281435
9.58,-1.4828156587161
9.585,-1.48286103931191
9.59,-1.48282734942681
9.595,-1.4827876248114
9.6,-1.48275532425584
9.605,-1.48274902588644
9.61,-1.48278370692093
9.615,-1.48281613480467
9.62,-1.48282061084026
9.625,-1.48284869998281
9.63,-1.4828604560699
9.635,-1.48284773580033
9.64,-1.48287506836435
9.645,-1.48286137182625
9.65,-1.48283363993035
9.655,-1.48283616064365
9.66,-1.48279766760237
9.665,-1.48275827515406
9.67,-1.48279100577918
9.675,-1.48281837222575
9.68,-1.48277110721025
9.685,-1.48286468645442
9.69,-1.48289528785531
9.695,-1.48292209695775
9.7,-1.48291053636973
9.705,-1.48292125123702
9.71,-1.48291205585699
9.715,-1.48297134785158
9.72,-1.4829451227363
9.725,-1.48296184552605
9.73,-1.48292619266949
9.735,-1.48291472889941
9.74,-1.4828878205408
9.745,-1.48291656900135
9.75,-1.48285612748194
9.755,-1.48289608712643
9.76,-1.48291261436542
9.765,-1.48292868847379
9.77,-1.48294758323937
9.775,-1.48290930209078
9.78,-1.48286592069841
9.785,-1.4828445385776
9.79,-1.48282396132548
9.795,-1.48285007159107
9.8,-1.48285679151417
9.805,-1.4828463326687
9.81,-1.48288900127305
9.815,-1.48292652079148
9.82,-1.48289892047078
9.825,-1.48288094693642
9.83,-1.48285386461421
9.835,-1.48288549395637
9.84,-1.48288290931182
9.845,-1.48285258414895
9.85,-1.48278683271965
9.855,-1.48272259533726
9.86,-1.48262735652686
9.865,-1.48265115509893
9.87,-1.48267029868709
9.875,-1.48265519093635
9.88,-1.48263841467923
9.885,-1.48266344423772
9.89,-1.48270771180981
9.895,-1.48272150430153
9.9,-1.48281043112292
9.905,-1.48281406411418
9.91,-1.48280875121991
9.915,-1.48279909527348
9.92,-1.4828601924321
9.925,-1.48287887154678
9.93,-1.48288074021199
9.935,-1.48282046280361
9.94,-1.48283554551613
9.945,-1.48280692116286
9.95,-1.48276617180108
9.955,-1.48273037127903
9.96,-1.48276036784398
9.965,-1.48278394013586
9.97,-1.48285170027743
9.975,-1.48283246612249
9.98,-1.48280218196956
9.985,-1.48281727019111
9.99,-1.48285902098773
9.995,-1.48287830948423
